ref_id,ssim,batch_file,quality
0005000,0.7921391365462097,batch_100-200.arrow,HIGH
0005001,0.8278290025192256,batch_100-200.arrow,HIGH
0005002,0.5778595775461295,batch_100-200.arrow,LOW
0005003,0.7598312326344958,batch_100-200.arrow,HIGH
0005004,0.7563779401895312,batch_100-200.arrow,HIGH
0005005,0.8193789407832468,batch_100-200.arrow,HIGH
0005007,0.7495947311232524,batch_100-200.arrow,HIGH
0005008,0.5884117570208106,batch_100-200.arrow,LOW
0005009,0.3250512763138989,batch_100-200.arrow,LOW
0005010,0.6983303408117623,batch_100-200.arrow,HIGH
0005011,0.5815236247711264,batch_100-200.arrow,LOW
0005012,0.39425283646473147,batch_100-200.arrow,LOW
0005013,0.7340031102659829,batch_100-200.arrow,HIGH
0005014,0.7166118496176824,batch_100-200.arrow,HIGH
0005015,0.6238997901419067,batch_100-200.arrow,HIGH
0005017,0.862945220422774,batch_100-200.arrow,HIGH
0005018,0.6760355552935183,batch_100-200.arrow,HIGH
0005019,0.5529498904644202,batch_100-200.arrow,LOW
0005020,0.4569831768806529,batch_100-200.arrow,LOW
0005021,0.8105796213567725,batch_100-200.arrow,HIGH
0005024,0.6598666734521578,batch_100-200.arrow,HIGH
0005025,0.8260356725952694,batch_100-200.arrow,HIGH
0005028,0.5212916549589984,batch_100-200.arrow,LOW
0005029,0.7225143706627063,batch_100-200.arrow,HIGH
0005030,0.47544815520592126,batch_100-200.arrow,LOW
0005031,0.8496610919545811,batch_100-200.arrow,HIGH
0005032,0.5907314762727224,batch_100-200.arrow,LOW
0005035,0.4471663492996735,batch_100-200.arrow,LOW
0005037,0.5914230781312492,batch_100-200.arrow,LOW
0005039,0.3076915004829631,batch_100-200.arrow,LOW
0005040,0.49508632396256974,batch_100-200.arrow,LOW
0005041,0.7448561890328452,batch_100-200.arrow,HIGH
0005043,0.67114500611418,batch_100-200.arrow,HIGH
0005045,0.8337092655065385,batch_100-200.arrow,HIGH
0005046,0.3724655840269763,batch_100-200.arrow,LOW
0005047,0.6219375460163098,batch_100-200.arrow,HIGH
0005048,0.663036780327591,batch_100-200.arrow,HIGH
0005049,0.8440726175639305,batch_100-200.arrow,HIGH
0005051,0.8146516921518252,batch_100-200.arrow,HIGH
0005054,0.6757313037312866,batch_100-200.arrow,HIGH
0005056,0.810254455908736,batch_100-200.arrow,HIGH
0005057,0.7258347763428135,batch_100-200.arrow,HIGH
0005059,0.6943573000889888,batch_100-200.arrow,HIGH
0005060,0.8314036424850162,batch_100-200.arrow,HIGH
0005061,0.8148371291415489,batch_100-200.arrow,HIGH
0005063,0.7463914151945651,batch_100-200.arrow,HIGH
0005064,0.7298625875687851,batch_100-200.arrow,HIGH
0005065,0.13107103783892132,batch_100-200.arrow,LOW
0005066,0.3228983776959964,batch_100-200.arrow,LOW
0005069,0.647065415746909,batch_100-200.arrow,HIGH
0005071,0.6584030587164537,batch_100-200.arrow,HIGH
0005072,0.6576406209697967,batch_100-200.arrow,HIGH
0005073,0.4684895226386203,batch_100-200.arrow,LOW
0005074,0.8649533700545301,batch_100-200.arrow,HIGH
0005076,0.712452646587327,batch_100-200.arrow,HIGH
0005078,0.4801534159607334,batch_100-200.arrow,LOW
0005080,0.8114885628360615,batch_100-200.arrow,HIGH
0005081,0.5519954382471344,batch_100-200.arrow,LOW
0005083,0.5852132053156863,batch_100-200.arrow,LOW
0005084,0.7735159845045905,batch_100-200.arrow,HIGH
0005085,0.7671633429916414,batch_100-200.arrow,HIGH
0005086,0.8355875111913124,batch_100-200.arrow,HIGH
0005087,0.62658994419811,batch_100-200.arrow,HIGH
0005088,0.7749764008854108,batch_100-200.arrow,HIGH
0005091,0.7123574654381986,batch_100-200.arrow,HIGH
0005092,0.7233268817687155,batch_100-200.arrow,HIGH
0005096,0.7785273580149767,batch_100-200.arrow,HIGH
0005097,0.6298063006634739,batch_100-200.arrow,HIGH
0005098,0.7806514181998234,batch_100-200.arrow,HIGH
0005099,0.4768027393143596,batch_100-200.arrow,LOW
0005100,0.3308534319875516,batch_100-200.arrow,LOW
0005101,0.8256293328396515,batch_100-200.arrow,HIGH
0005102,0.6995269527974101,batch_100-200.arrow,HIGH
0005103,0.8807070719580542,batch_100-200.arrow,HIGH
0005105,0.7181458204943683,batch_100-200.arrow,HIGH
0005106,0.447826684123575,batch_100-200.arrow,LOW
0005108,0.821041479377782,batch_100-200.arrow,HIGH
0005111,0.6611202932745782,batch_100-200.arrow,HIGH
0005112,0.8652445939378183,batch_100-200.arrow,HIGH
0005113,0.6258744476827753,batch_100-200.arrow,HIGH
0005114,0.588500313788494,batch_100-200.arrow,LOW
0005115,0.6259662484266812,batch_100-200.arrow,HIGH
0005116,0.7000761287254426,batch_100-200.arrow,HIGH
0005118,0.8464284511908642,batch_100-200.arrow,HIGH
0005119,0.745333638175464,batch_100-200.arrow,HIGH
0005120,0.4778416014289482,batch_100-200.arrow,LOW
0005122,0.7857073908298046,batch_100-200.arrow,HIGH
0005124,0.5630600302999884,batch_100-200.arrow,LOW
0005125,0.7815589294541727,batch_100-200.arrow,HIGH
0005128,0.5390795884128589,batch_100-200.arrow,LOW
0005129,0.8248249595079779,batch_100-200.arrow,HIGH
0005131,0.8645991946351032,batch_100-200.arrow,HIGH
0005132,0.6599282839107238,batch_100-200.arrow,HIGH
0005133,0.7401228587308815,batch_100-200.arrow,HIGH
0006418,0.41866367598568993,batch_1100-1200.arrow,LOW
0006419,0.7927481362390777,batch_1100-1200.arrow,HIGH
0006420,0.8323246836087154,batch_1100-1200.arrow,HIGH
0006421,0.8055775841374673,batch_1100-1200.arrow,HIGH
0006422,0.3157096308186262,batch_1100-1200.arrow,LOW
0006424,0.7455941143421353,batch_1100-1200.arrow,HIGH
0006426,0.46217654511126965,batch_1100-1200.arrow,LOW
0006427,0.7456192817179786,batch_1100-1200.arrow,HIGH
0006429,0.36905143987088795,batch_1100-1200.arrow,LOW
0006430,0.8369883216771546,batch_1100-1200.arrow,HIGH
0006432,0.8024439680378,batch_1100-1200.arrow,HIGH
0006433,0.6481809435255514,batch_1100-1200.arrow,HIGH
0006434,0.8516221355858175,batch_1100-1200.arrow,HIGH
0006435,0.7812996424137779,batch_1100-1200.arrow,HIGH
0006437,0.7947330602026105,batch_1100-1200.arrow,HIGH
0006438,0.8327982906288577,batch_1100-1200.arrow,HIGH
0006439,0.5723238615476841,batch_1100-1200.arrow,LOW
0006440,0.6177046774717653,batch_1100-1200.arrow,HIGH
0006441,0.6780661891038378,batch_1100-1200.arrow,HIGH
0006445,0.8099924082336268,batch_1100-1200.arrow,HIGH
0006446,0.7925230874412209,batch_1100-1200.arrow,HIGH
0006447,0.752696445392011,batch_1100-1200.arrow,HIGH
0006449,0.7535315694782757,batch_1100-1200.arrow,HIGH
0006450,0.6126868884949949,batch_1100-1200.arrow,HIGH
0006451,0.3652217707863638,batch_1100-1200.arrow,LOW
0006452,0.8593153402898926,batch_1100-1200.arrow,HIGH
0006453,0.7468411107151587,batch_1100-1200.arrow,HIGH
0006454,0.5920532224551741,batch_1100-1200.arrow,LOW
0006456,0.7650357926091945,batch_1100-1200.arrow,HIGH
0006458,0.8139828430070392,batch_1100-1200.arrow,HIGH
0006459,0.5682223145396688,batch_1100-1200.arrow,LOW
0006460,0.756426903671621,batch_1100-1200.arrow,HIGH
0006461,0.8502478098333066,batch_1100-1200.arrow,HIGH
0006463,0.7837794831325516,batch_1100-1200.arrow,HIGH
0006464,0.8557713116165669,batch_1100-1200.arrow,HIGH
0006465,0.7952609353692098,batch_1100-1200.arrow,HIGH
0006466,0.47286471225293436,batch_1100-1200.arrow,LOW
0006467,0.3253555950374152,batch_1100-1200.arrow,LOW
0006468,0.674268122679984,batch_1100-1200.arrow,HIGH
0006469,0.8313340529367693,batch_1100-1200.arrow,HIGH
0006471,0.7964515812372871,batch_1100-1200.arrow,HIGH
0006472,0.7757337613369826,batch_1100-1200.arrow,HIGH
0006473,0.8006093697950268,batch_1100-1200.arrow,HIGH
0006474,0.778643729193177,batch_1100-1200.arrow,HIGH
0006475,0.730107028580307,batch_1100-1200.arrow,HIGH
0006476,0.3731008445028863,batch_1100-1200.arrow,LOW
0006478,0.5123398594954919,batch_1100-1200.arrow,LOW
0006479,0.7329000919149212,batch_1100-1200.arrow,HIGH
0006480,0.4263999080391457,batch_1100-1200.arrow,LOW
0006481,0.7151486918199407,batch_1100-1200.arrow,HIGH
0006482,0.8318306523027607,batch_1100-1200.arrow,HIGH
0006483,0.8735533084370019,batch_1100-1200.arrow,HIGH
0006485,0.21609099835078993,batch_1100-1200.arrow,LOW
0006487,0.8472767266839666,batch_1100-1200.arrow,HIGH
0006491,0.632791144079292,batch_1100-1200.arrow,HIGH
0006492,0.5244970258244496,batch_1100-1200.arrow,LOW
0006494,0.8360878545506932,batch_1100-1200.arrow,HIGH
0006497,0.6632487051962642,batch_1100-1200.arrow,HIGH
0006499,0.7342142914690925,batch_1100-1200.arrow,HIGH
0006500,0.3408533822117905,batch_1100-1200.arrow,LOW
0006502,0.5891356704778972,batch_1100-1200.arrow,LOW
0006503,0.7840296550921703,batch_1100-1200.arrow,HIGH
0006505,0.8000659623432984,batch_1100-1200.arrow,HIGH
0006507,0.7591800519384581,batch_1100-1200.arrow,HIGH
0006508,0.8114167268490363,batch_1100-1200.arrow,HIGH
0006510,0.7054515621509548,batch_1100-1200.arrow,HIGH
0006512,0.6912702389577435,batch_1100-1200.arrow,HIGH
0006515,0.8267872219070735,batch_1100-1200.arrow,HIGH
0006516,0.8469893671992837,batch_1100-1200.arrow,HIGH
0006518,0.7023721921055102,batch_1100-1200.arrow,HIGH
0006521,0.5299869088090189,batch_1100-1200.arrow,LOW
0006528,0.8240325940638006,batch_1100-1200.arrow,HIGH
0006529,0.7592153430807822,batch_1100-1200.arrow,HIGH
0006530,0.6054106496789726,batch_1100-1200.arrow,HIGH
0006531,0.7282581418977646,batch_1100-1200.arrow,HIGH
0006532,0.7852065138730807,batch_1100-1200.arrow,HIGH
0006533,0.46369120350934906,batch_1100-1200.arrow,LOW
0006534,0.7751045490898988,batch_1100-1200.arrow,HIGH
0006535,0.7632752070605667,batch_1100-1200.arrow,HIGH
0006536,0.6034905614749809,batch_1100-1200.arrow,HIGH
0006537,0.7929240104643508,batch_1100-1200.arrow,HIGH
0006538,0.8375379612804464,batch_1100-1200.arrow,HIGH
0006540,0.5016885380731775,batch_1100-1200.arrow,LOW
0006541,0.48609002051309685,batch_1100-1200.arrow,LOW
0006542,0.7927559652005284,batch_1100-1200.arrow,HIGH
0006544,0.5006765284505693,batch_1100-1200.arrow,LOW
0006545,0.23564440662001204,batch_1100-1200.arrow,LOW
0006546,0.8887052688399978,batch_1100-1200.arrow,HIGH
0006547,0.45442921954575294,batch_1100-1200.arrow,LOW
0006549,0.44815178687114,batch_1100-1200.arrow,LOW
0006551,0.8621077033455796,batch_1100-1200.arrow,HIGH
0006554,0.7370386897731457,batch_1100-1200.arrow,HIGH
0006555,0.722717234794661,batch_1100-1200.arrow,HIGH
0006556,0.7959035324000282,batch_1100-1200.arrow,HIGH
0006689,0.7260819714426034,batch_1300-1400.arrow,HIGH
0006690,0.716590618845412,batch_1300-1400.arrow,HIGH
0006691,0.6944486617483966,batch_1300-1400.arrow,HIGH
0006692,0.5661761241742144,batch_1300-1400.arrow,LOW
0006693,0.8331740565755639,batch_1300-1400.arrow,HIGH
0006694,0.47728693128360344,batch_1300-1400.arrow,LOW
0006696,0.8460465030295236,batch_1300-1400.arrow,HIGH
0006697,0.677235754617531,batch_1300-1400.arrow,HIGH
0006698,0.5052732594957066,batch_1300-1400.arrow,LOW
0006700,0.8040424839228694,batch_1300-1400.arrow,HIGH
0006701,0.8165072935349031,batch_1300-1400.arrow,HIGH
0006702,0.575466461511324,batch_1300-1400.arrow,LOW
0006705,0.7776163355716932,batch_1300-1400.arrow,HIGH
0006706,0.6730796559743407,batch_1300-1400.arrow,HIGH
0006708,0.8258848667914919,batch_1300-1400.arrow,HIGH
0006710,0.8085934762628354,batch_1300-1400.arrow,HIGH
0006711,0.7664419151690987,batch_1300-1400.arrow,HIGH
0006713,0.5980302411263339,batch_1300-1400.arrow,LOW
0006714,0.5891317568737305,batch_1300-1400.arrow,LOW
0006715,0.8349518581841407,batch_1300-1400.arrow,HIGH
0006716,0.7996159718783877,batch_1300-1400.arrow,HIGH
0006717,0.8039879328636661,batch_1300-1400.arrow,HIGH
0006719,0.7942321803027165,batch_1300-1400.arrow,HIGH
0006720,0.8609661078993209,batch_1300-1400.arrow,HIGH
0006721,0.7136564521774013,batch_1300-1400.arrow,HIGH
0006722,0.6083052313645502,batch_1300-1400.arrow,HIGH
0006723,0.6388376263128724,batch_1300-1400.arrow,HIGH
0006724,0.7065875862010484,batch_1300-1400.arrow,HIGH
0006725,0.7573574548628975,batch_1300-1400.arrow,HIGH
0006726,0.7551417249801989,batch_1300-1400.arrow,HIGH
0006727,0.8156505189460767,batch_1300-1400.arrow,HIGH
0006728,0.7411429873363865,batch_1300-1400.arrow,HIGH
0006729,0.6068385523807983,batch_1300-1400.arrow,HIGH
0006730,0.11323620841605099,batch_1300-1400.arrow,LOW
0006731,0.38776341966371225,batch_1300-1400.arrow,LOW
0006734,0.7169600243300618,batch_1300-1400.arrow,HIGH
0006736,0.5314645124272455,batch_1300-1400.arrow,LOW
0006737,0.843417760823996,batch_1300-1400.arrow,HIGH
0006738,0.839970131448048,batch_1300-1400.arrow,HIGH
0006739,0.6720533531781059,batch_1300-1400.arrow,HIGH
0006740,0.6048467872559328,batch_1300-1400.arrow,HIGH
0006741,0.8325544357766853,batch_1300-1400.arrow,HIGH
0006742,0.7851769338234659,batch_1300-1400.arrow,HIGH
0006743,0.8224027247916083,batch_1300-1400.arrow,HIGH
0006744,0.8277712512976745,batch_1300-1400.arrow,HIGH
0006745,0.7973057107076099,batch_1300-1400.arrow,HIGH
0006747,0.4483629649104965,batch_1300-1400.arrow,LOW
0006750,0.42956263342050277,batch_1300-1400.arrow,LOW
0006751,0.8207745465126175,batch_1300-1400.arrow,HIGH
0006752,0.5183387918922027,batch_1300-1400.arrow,LOW
0006753,0.7260050812485175,batch_1300-1400.arrow,HIGH
0006754,0.8278957522247584,batch_1300-1400.arrow,HIGH
0006756,0.7454333487270279,batch_1300-1400.arrow,HIGH
0006757,0.3625652056874427,batch_1300-1400.arrow,LOW
0006758,0.23597149795456085,batch_1300-1400.arrow,LOW
0006761,0.7574062067894959,batch_1300-1400.arrow,HIGH
0006762,0.8086187031516857,batch_1300-1400.arrow,HIGH
0006763,0.5813437752204874,batch_1300-1400.arrow,LOW
0006764,0.6013997231864856,batch_1300-1400.arrow,HIGH
0006765,0.3539791812157085,batch_1300-1400.arrow,LOW
0006766,0.6702095756569427,batch_1300-1400.arrow,HIGH
0006767,0.7569618475738964,batch_1300-1400.arrow,HIGH
0006768,0.7071438135371232,batch_1300-1400.arrow,HIGH
0006769,0.42559026049036186,batch_1300-1400.arrow,LOW
0006770,0.6140888927058031,batch_1300-1400.arrow,HIGH
0006771,0.14090477612519262,batch_1300-1400.arrow,LOW
0006772,0.8627820529652603,batch_1300-1400.arrow,HIGH
0006774,0.8692234763816752,batch_1300-1400.arrow,HIGH
0006775,0.8355352335366345,batch_1300-1400.arrow,HIGH
0006776,0.82004091908435,batch_1300-1400.arrow,HIGH
0006778,0.7426703165027096,batch_1300-1400.arrow,HIGH
0006779,0.7427695385870607,batch_1300-1400.arrow,HIGH
0006780,0.8354228114908048,batch_1300-1400.arrow,HIGH
0006782,0.7746683433175248,batch_1300-1400.arrow,HIGH
0006784,0.8013935191766896,batch_1300-1400.arrow,HIGH
0006785,0.7332152687104206,batch_1300-1400.arrow,HIGH
0006786,0.7928332760844746,batch_1300-1400.arrow,HIGH
0006787,0.8286242761668996,batch_1300-1400.arrow,HIGH
0006788,0.8364240603145241,batch_1300-1400.arrow,HIGH
0006790,0.8668443918407304,batch_1300-1400.arrow,HIGH
0006791,0.6363748808631359,batch_1300-1400.arrow,HIGH
0006792,0.7880483005788745,batch_1300-1400.arrow,HIGH
0006794,0.5936725949814851,batch_1300-1400.arrow,LOW
0006795,0.3550756539704487,batch_1300-1400.arrow,LOW
0006796,0.5035374733584604,batch_1300-1400.arrow,LOW
0006797,0.763646581099379,batch_1300-1400.arrow,HIGH
0006798,0.5366899893409808,batch_1300-1400.arrow,LOW
0006799,0.7514200046912326,batch_1300-1400.arrow,HIGH
0006800,0.8433201077032133,batch_1300-1400.arrow,HIGH
0006801,0.6574545607668427,batch_1300-1400.arrow,HIGH
0006803,0.7904753879087995,batch_1300-1400.arrow,HIGH
0006805,0.6418313695026722,batch_1300-1400.arrow,HIGH
0006806,0.5040365092237405,batch_1300-1400.arrow,LOW
0006807,0.8265194300265409,batch_1300-1400.arrow,HIGH
0006808,0.7781183563503394,batch_1300-1400.arrow,HIGH
0006809,0.7785855358576917,batch_1300-1400.arrow,HIGH
0006810,0.17215495459814203,batch_1300-1400.arrow,LOW
0006811,0.5260425058329097,batch_1300-1400.arrow,LOW
0006812,0.8238554073373786,batch_1400-1500.arrow,HIGH
0006813,0.6372900020783775,batch_1400-1500.arrow,HIGH
0006815,0.7814659703624858,batch_1400-1500.arrow,HIGH
0006817,0.41549732688187735,batch_1400-1500.arrow,LOW
0006818,0.7665798700252155,batch_1400-1500.arrow,HIGH
0006819,0.3251521253599639,batch_1400-1500.arrow,LOW
0006820,0.7038406987151671,batch_1400-1500.arrow,HIGH
0006822,0.7454479622771077,batch_1400-1500.arrow,HIGH
0006823,0.7995634010701554,batch_1400-1500.arrow,HIGH
0006824,0.699441916172634,batch_1400-1500.arrow,HIGH
0006827,0.8535530075973967,batch_1400-1500.arrow,HIGH
0006828,0.7852082303757904,batch_1400-1500.arrow,HIGH
0006829,0.36865737953760397,batch_1400-1500.arrow,LOW
0006830,0.8466694968910997,batch_1400-1500.arrow,HIGH
0006831,0.5210385078903763,batch_1400-1500.arrow,LOW
0006832,0.4684414574135222,batch_1400-1500.arrow,LOW
0006833,0.7852269390907912,batch_1400-1500.arrow,HIGH
0006834,0.6315527391573202,batch_1400-1500.arrow,HIGH
0006835,0.7497081416212295,batch_1400-1500.arrow,HIGH
0006838,0.42465440879712174,batch_1400-1500.arrow,LOW
0006839,0.6789510117639771,batch_1400-1500.arrow,HIGH
0006842,0.6765653929383609,batch_1400-1500.arrow,HIGH
0006843,0.6326248947731058,batch_1400-1500.arrow,HIGH
0006844,0.33018068339341183,batch_1400-1500.arrow,LOW
0006845,0.6683009593909665,batch_1400-1500.arrow,HIGH
0006846,0.2693638969352236,batch_1400-1500.arrow,LOW
0006847,0.7425466325333917,batch_1400-1500.arrow,HIGH
0006848,0.3649051342063687,batch_1400-1500.arrow,LOW
0006849,0.5364848173190649,batch_1400-1500.arrow,LOW
0006850,0.7858296632149272,batch_1400-1500.arrow,HIGH
0006853,0.4797991069636369,batch_1400-1500.arrow,LOW
0006854,0.8506940459240511,batch_1400-1500.arrow,HIGH
0006855,0.7113210620703468,batch_1400-1500.arrow,HIGH
0006856,0.8181034321415183,batch_1400-1500.arrow,HIGH
0006857,0.7300778937830814,batch_1400-1500.arrow,HIGH
0006858,0.7820072532021388,batch_1400-1500.arrow,HIGH
0006859,0.48381825535568074,batch_1400-1500.arrow,LOW
0006860,0.8303672645987389,batch_1400-1500.arrow,HIGH
0006861,0.8550558585299429,batch_1400-1500.arrow,HIGH
0006863,0.7663630063250042,batch_1400-1500.arrow,HIGH
0006864,0.7822547473487905,batch_1400-1500.arrow,HIGH
0006865,0.6369091606489473,batch_1400-1500.arrow,HIGH
0006866,0.6187061705494874,batch_1400-1500.arrow,HIGH
0006867,0.3570981046875415,batch_1400-1500.arrow,LOW
0006868,0.7929325512214005,batch_1400-1500.arrow,HIGH
0006869,0.7138053093103879,batch_1400-1500.arrow,HIGH
0006870,0.7518418643463542,batch_1400-1500.arrow,HIGH
0006873,0.8137929383326449,batch_1400-1500.arrow,HIGH
0006874,0.8585654424662176,batch_1400-1500.arrow,HIGH
0006875,0.5498823326529706,batch_1400-1500.arrow,LOW
0006876,0.8477378761662808,batch_1400-1500.arrow,HIGH
0006879,0.32307448925377186,batch_1400-1500.arrow,LOW
0006880,0.8300650334191294,batch_1400-1500.arrow,HIGH
0006881,0.8403141954259711,batch_1400-1500.arrow,HIGH
0006882,0.3889895571007844,batch_1400-1500.arrow,LOW
0006884,0.7913095583403086,batch_1400-1500.arrow,HIGH
0006885,0.52660720288374,batch_1400-1500.arrow,LOW
0006886,0.8583802165450526,batch_1400-1500.arrow,HIGH
0006887,0.7017552263215293,batch_1400-1500.arrow,HIGH
0006888,0.13120448175684876,batch_1400-1500.arrow,LOW
0006889,0.7365117812268084,batch_1400-1500.arrow,HIGH
0006890,0.4356380948627352,batch_1400-1500.arrow,LOW
0006891,0.7930008252173391,batch_1400-1500.arrow,HIGH
0006892,0.7964838103701676,batch_1400-1500.arrow,HIGH
0006893,0.7427958936291111,batch_1400-1500.arrow,HIGH
0006894,0.33125779319919363,batch_1400-1500.arrow,LOW
0006897,0.7294258797697841,batch_1400-1500.arrow,HIGH
0006899,0.8282918468838621,batch_1400-1500.arrow,HIGH
0006901,0.6648209974532353,batch_1400-1500.arrow,HIGH
0006902,0.8173487735096073,batch_1400-1500.arrow,HIGH
0006903,0.8425409513700043,batch_1400-1500.arrow,HIGH
0006905,0.7488229180447948,batch_1400-1500.arrow,HIGH
0006906,0.7129568440127715,batch_1400-1500.arrow,HIGH
0006908,0.8045360487236098,batch_1400-1500.arrow,HIGH
0006909,0.5897828949170154,batch_1400-1500.arrow,LOW
0006910,0.6051772079491413,batch_1400-1500.arrow,HIGH
0006911,0.6720134734780322,batch_1400-1500.arrow,HIGH
0006912,0.8466578157385607,batch_1400-1500.arrow,HIGH
0006913,0.7875161245026144,batch_1400-1500.arrow,HIGH
0006914,0.780726955737684,batch_1400-1500.arrow,HIGH
0006915,0.06378763331767469,batch_1400-1500.arrow,LOW
0006916,0.8015588887880699,batch_1400-1500.arrow,HIGH
0006917,0.6642958413770338,batch_1400-1500.arrow,HIGH
0006918,0.8247680655711251,batch_1400-1500.arrow,HIGH
0006920,0.7411198524660901,batch_1400-1500.arrow,HIGH
0006921,0.8504890876588266,batch_1400-1500.arrow,HIGH
0006922,0.6463943259291639,batch_1400-1500.arrow,HIGH
0006923,0.801283042566905,batch_1400-1500.arrow,HIGH
0006924,0.6671703001477671,batch_1400-1500.arrow,HIGH
0006925,0.15907465702024062,batch_1400-1500.arrow,LOW
0006926,0.8501486530736083,batch_1400-1500.arrow,HIGH
0006927,0.7773191818382844,batch_1400-1500.arrow,HIGH
0006928,0.5439126429401061,batch_1400-1500.arrow,LOW
0006929,0.8324730364604417,batch_1400-1500.arrow,HIGH
0006930,0.7903075029117925,batch_1400-1500.arrow,HIGH
0006931,0.5920678681237518,batch_1400-1500.arrow,LOW
0006932,0.609416743236158,batch_1400-1500.arrow,HIGH
0006933,0.4982752777571912,batch_1400-1500.arrow,LOW
0006935,0.8086128312709254,batch_1500-1600.arrow,HIGH
0006936,0.5127544389751603,batch_1500-1600.arrow,LOW
0006937,0.3176829246909965,batch_1500-1600.arrow,LOW
0006938,0.806933161653609,batch_1500-1600.arrow,HIGH
0006939,0.529094251493396,batch_1500-1600.arrow,LOW
0006940,0.507484174677876,batch_1500-1600.arrow,LOW
0006941,0.8009871295335903,batch_1500-1600.arrow,HIGH
0006942,0.8335079849361713,batch_1500-1600.arrow,HIGH
0006944,0.6483453228581861,batch_1500-1600.arrow,HIGH
0006946,0.653951759792788,batch_1500-1600.arrow,HIGH
0006947,0.751789843070478,batch_1500-1600.arrow,HIGH
0006948,0.7879614574136721,batch_1500-1600.arrow,HIGH
0006951,0.8391829993379541,batch_1500-1600.arrow,HIGH
0006952,0.7617072985975462,batch_1500-1600.arrow,HIGH
0006953,0.8337322930246343,batch_1500-1600.arrow,HIGH
0006954,0.06368568466438004,batch_1500-1600.arrow,LOW
0006955,0.6717709415056597,batch_1500-1600.arrow,HIGH
0006956,0.78851290426443,batch_1500-1600.arrow,HIGH
0006957,0.569909609992488,batch_1500-1600.arrow,LOW
0006958,0.8211995529650623,batch_1500-1600.arrow,HIGH
0006959,0.7997064022183721,batch_1500-1600.arrow,HIGH
0006960,0.8495071320961468,batch_1500-1600.arrow,HIGH
0006961,0.45121272181911626,batch_1500-1600.arrow,LOW
0006962,0.4365190108803616,batch_1500-1600.arrow,LOW
0006964,0.8322534873248015,batch_1500-1600.arrow,HIGH
0006966,0.5653899232868982,batch_1500-1600.arrow,LOW
0006967,0.7931128713525735,batch_1500-1600.arrow,HIGH
0006968,0.8287926041173478,batch_1500-1600.arrow,HIGH
0006969,0.7343594166015123,batch_1500-1600.arrow,HIGH
0006970,0.6099948014394302,batch_1500-1600.arrow,HIGH
0006972,0.7776793769647665,batch_1500-1600.arrow,HIGH
0006973,0.44786762012420916,batch_1500-1600.arrow,LOW
0006974,0.8734991784480529,batch_1500-1600.arrow,HIGH
0006975,0.7097019039143895,batch_1500-1600.arrow,HIGH
0006977,0.7477744286404219,batch_1500-1600.arrow,HIGH
0006979,0.8058306246003788,batch_1500-1600.arrow,HIGH
0006980,0.7047775839037774,batch_1500-1600.arrow,HIGH
0006981,0.22113088001556427,batch_1500-1600.arrow,LOW
0006982,0.7643002557615266,batch_1500-1600.arrow,HIGH
0006983,0.7771282581998448,batch_1500-1600.arrow,HIGH
0006984,0.8032234873103561,batch_1500-1600.arrow,HIGH
0006985,0.7443056134366408,batch_1500-1600.arrow,HIGH
0006986,0.8564669528384288,batch_1500-1600.arrow,HIGH
0006987,0.8276427041976947,batch_1500-1600.arrow,HIGH
0006988,0.625373613504256,batch_1500-1600.arrow,HIGH
0006989,0.7676144319496866,batch_1500-1600.arrow,HIGH
0006990,0.8229532765423931,batch_1500-1600.arrow,HIGH
0006991,0.6681464677628206,batch_1500-1600.arrow,HIGH
0006992,0.7007020118733065,batch_1500-1600.arrow,HIGH
0006993,0.7002359407197657,batch_1500-1600.arrow,HIGH
0006994,0.8292348984071546,batch_1500-1600.arrow,HIGH
0006995,0.6682765003236956,batch_1500-1600.arrow,HIGH
0006996,0.5262048912734925,batch_1500-1600.arrow,LOW
0006997,0.7719057836832546,batch_1500-1600.arrow,HIGH
0006998,0.5910314860483236,batch_1500-1600.arrow,LOW
0006999,0.6725122141244366,batch_1500-1600.arrow,HIGH
0007001,0.8464522284731331,batch_1500-1600.arrow,HIGH
0007003,0.5405158942470507,batch_1500-1600.arrow,LOW
0007004,0.75246797195411,batch_1500-1600.arrow,HIGH
0007005,0.6297319582167039,batch_1500-1600.arrow,HIGH
0007006,0.35632205536044465,batch_1500-1600.arrow,LOW
0007010,0.7929846955519017,batch_1500-1600.arrow,HIGH
0007011,0.7690194405075214,batch_1500-1600.arrow,HIGH
0007012,0.8359200403369096,batch_1500-1600.arrow,HIGH
0007013,0.7812394117567876,batch_1500-1600.arrow,HIGH
0007014,0.7744817042865758,batch_1500-1600.arrow,HIGH
0007015,0.5795377722352022,batch_1500-1600.arrow,LOW
0007016,0.5988767107727565,batch_1500-1600.arrow,LOW
0007017,0.348420077498981,batch_1500-1600.arrow,LOW
0007018,0.35387166115044016,batch_1500-1600.arrow,LOW
0007019,0.7257326155043514,batch_1500-1600.arrow,HIGH
0007020,0.8041987055314018,batch_1500-1600.arrow,HIGH
0007022,0.870205202018887,batch_1500-1600.arrow,HIGH
0007023,0.800469462779466,batch_1500-1600.arrow,HIGH
0007024,0.8300056753708609,batch_1500-1600.arrow,HIGH
0007025,0.7798558486019459,batch_1500-1600.arrow,HIGH
0007026,0.7854184069897431,batch_1500-1600.arrow,HIGH
0007027,0.8012649445150452,batch_1500-1600.arrow,HIGH
0007028,0.35155842735966,batch_1500-1600.arrow,LOW
0007029,0.8695682364314061,batch_1500-1600.arrow,HIGH
0007030,0.7310152436026981,batch_1500-1600.arrow,HIGH
0007032,0.8313312871384625,batch_1500-1600.arrow,HIGH
0007033,0.2413939266007088,batch_1500-1600.arrow,LOW
0007037,0.8269732074454286,batch_1500-1600.arrow,HIGH
0007039,0.6767589192123323,batch_1500-1600.arrow,HIGH
0007041,0.8321535623999793,batch_1500-1600.arrow,HIGH
0007043,0.7334949708585681,batch_1500-1600.arrow,HIGH
0007044,0.4434449343617553,batch_1500-1600.arrow,LOW
0007047,0.7104120151654808,batch_1500-1600.arrow,HIGH
0007048,0.8152851470506887,batch_1500-1600.arrow,HIGH
0007052,0.5659312318303711,batch_1500-1600.arrow,LOW
0007053,0.7383086016635616,batch_1500-1600.arrow,HIGH
0007054,0.7782877521139798,batch_1500-1600.arrow,HIGH
0007057,0.794976582648811,batch_1500-1600.arrow,HIGH
0007058,0.772810784077025,batch_1500-1600.arrow,HIGH
0007059,0.8061778935357543,batch_1500-1600.arrow,HIGH
0007060,0.7062960452369377,batch_1500-1600.arrow,HIGH
0007061,0.8405040064530268,batch_1500-1600.arrow,HIGH
0007063,0.6959658678066462,batch_1500-1600.arrow,HIGH
0007064,0.7778688974392542,batch_1600-1700.arrow,HIGH
0007066,0.8410728042876755,batch_1600-1700.arrow,HIGH
0007067,0.19799432128817687,batch_1600-1700.arrow,LOW
0007068,0.6236900484919357,batch_1600-1700.arrow,HIGH
0007069,0.8561621274030603,batch_1600-1700.arrow,HIGH
0007071,0.6532696227735156,batch_1600-1700.arrow,HIGH
0007072,0.7807194217362142,batch_1600-1700.arrow,HIGH
0007073,0.42968876598239597,batch_1600-1700.arrow,LOW
0007074,0.8057494392158011,batch_1600-1700.arrow,HIGH
0007075,0.8203987543464777,batch_1600-1700.arrow,HIGH
0007078,0.730620875139683,batch_1600-1700.arrow,HIGH
0007079,0.8390247582802789,batch_1600-1700.arrow,HIGH
0007080,0.6020224156135158,batch_1600-1700.arrow,HIGH
0007081,0.7352866896369769,batch_1600-1700.arrow,HIGH
0007084,0.7935893381739797,batch_1600-1700.arrow,HIGH
0007085,0.7768823670620071,batch_1600-1700.arrow,HIGH
0007086,0.8094259541617479,batch_1600-1700.arrow,HIGH
0007087,0.6916617489441745,batch_1600-1700.arrow,HIGH
0007088,0.6920680766679806,batch_1600-1700.arrow,HIGH
0007089,0.7999011689308313,batch_1600-1700.arrow,HIGH
0007091,0.6259028564580987,batch_1600-1700.arrow,HIGH
0007092,0.8110804165218354,batch_1600-1700.arrow,HIGH
0007094,0.7968044549016587,batch_1600-1700.arrow,HIGH
0007095,0.8743551105289097,batch_1600-1700.arrow,HIGH
0007096,0.4288516615686297,batch_1600-1700.arrow,LOW
0007097,0.8153361676472075,batch_1600-1700.arrow,HIGH
0007100,0.7539219424021235,batch_1600-1700.arrow,HIGH
0007101,0.8044119333990759,batch_1600-1700.arrow,HIGH
0007102,0.7894196065534688,batch_1600-1700.arrow,HIGH
0007105,0.7586307814977192,batch_1600-1700.arrow,HIGH
0007107,0.6836479866043322,batch_1600-1700.arrow,HIGH
0007108,0.7068551562476731,batch_1600-1700.arrow,HIGH
0007109,0.7162146473372015,batch_1600-1700.arrow,HIGH
0007110,0.7380809671078654,batch_1600-1700.arrow,HIGH
0007111,0.6318830382343507,batch_1600-1700.arrow,HIGH
0007112,0.8289477769750282,batch_1600-1700.arrow,HIGH
0007113,0.6167447919369439,batch_1600-1700.arrow,HIGH
0007114,0.7726593639252025,batch_1600-1700.arrow,HIGH
0007115,0.46507987599236705,batch_1600-1700.arrow,LOW
0007116,0.5250750418391222,batch_1600-1700.arrow,LOW
0007117,0.25728478272932703,batch_1600-1700.arrow,LOW
0007118,0.8232773947512845,batch_1600-1700.arrow,HIGH
0007119,0.5665044056272008,batch_1600-1700.arrow,LOW
0007122,0.7803993245044764,batch_1600-1700.arrow,HIGH
0007123,0.7067483404275673,batch_1600-1700.arrow,HIGH
0007124,0.8179031882544262,batch_1600-1700.arrow,HIGH
0007126,0.7167658975790161,batch_1600-1700.arrow,HIGH
0007128,0.546482594966569,batch_1600-1700.arrow,LOW
0007132,0.7029178816398017,batch_1600-1700.arrow,HIGH
0007134,0.7034060638265024,batch_1600-1700.arrow,HIGH
0007135,0.7694046270671525,batch_1600-1700.arrow,HIGH
0007136,0.5529033119552195,batch_1600-1700.arrow,LOW
0007137,0.7179802399493097,batch_1600-1700.arrow,HIGH
0007140,0.7922078960696161,batch_1600-1700.arrow,HIGH
0007141,0.801025132710495,batch_1600-1700.arrow,HIGH
0007142,0.4177337906073697,batch_1600-1700.arrow,LOW
0007143,0.5922756048724843,batch_1600-1700.arrow,LOW
0007144,0.5645862797620528,batch_1600-1700.arrow,LOW
0007145,0.8290990166580264,batch_1600-1700.arrow,HIGH
0007146,0.43931470108314796,batch_1600-1700.arrow,LOW
0007148,0.7374856471516846,batch_1600-1700.arrow,HIGH
0007149,0.7683141823161459,batch_1600-1700.arrow,HIGH
0007152,0.798208305188877,batch_1600-1700.arrow,HIGH
0007154,0.7236172419744707,batch_1600-1700.arrow,HIGH
0007155,0.841693911652215,batch_1600-1700.arrow,HIGH
0007156,0.692862878817749,batch_1600-1700.arrow,HIGH
0007157,0.5066031185200236,batch_1600-1700.arrow,LOW
0007158,0.6930847454105263,batch_1600-1700.arrow,HIGH
0007159,0.7915972328807332,batch_1600-1700.arrow,HIGH
0007160,0.6908264153123489,batch_1600-1700.arrow,HIGH
0007163,0.8308794998497132,batch_1600-1700.arrow,HIGH
0007165,0.7413721914492589,batch_1600-1700.arrow,HIGH
0007166,0.828520532345952,batch_1600-1700.arrow,HIGH
0007167,0.8082646563237949,batch_1600-1700.arrow,HIGH
0007168,0.8457796033823407,batch_1600-1700.arrow,HIGH
0007170,0.2775220038215199,batch_1600-1700.arrow,LOW
0007171,0.79789035479763,batch_1600-1700.arrow,HIGH
0007172,0.7617917683718307,batch_1600-1700.arrow,HIGH
0007174,0.7772169977416451,batch_1600-1700.arrow,HIGH
0007175,0.3454120810226107,batch_1600-1700.arrow,LOW
0007178,0.7047892914497395,batch_1600-1700.arrow,HIGH
0007179,0.7583859970287644,batch_1600-1700.arrow,HIGH
0007180,0.7373383855943053,batch_1600-1700.arrow,HIGH
0007181,0.743787158913614,batch_1600-1700.arrow,HIGH
0007182,0.7268697344360259,batch_1600-1700.arrow,HIGH
0007185,0.4858487744499591,batch_1600-1700.arrow,LOW
0007186,0.31578920398401006,batch_1600-1700.arrow,LOW
0007187,0.7344957839525476,batch_1600-1700.arrow,HIGH
0007188,0.5056925743756678,batch_1600-1700.arrow,LOW
0007189,0.650185126795093,batch_1600-1700.arrow,HIGH
0007191,0.7667043330958215,batch_1600-1700.arrow,HIGH
0007192,0.586418664711592,batch_1600-1700.arrow,LOW
0007193,0.8361647415668104,batch_1600-1700.arrow,HIGH
0007194,0.8127030591645221,batch_1600-1700.arrow,HIGH
0007195,0.6972756917389402,batch_1600-1700.arrow,HIGH
0007196,0.7381396989225856,batch_1600-1700.arrow,HIGH
0007197,0.7274104847792308,batch_1600-1700.arrow,HIGH
0007198,0.27250878556510444,batch_1600-1700.arrow,LOW
0007199,0.7521449773640921,batch_1600-1700.arrow,HIGH
0005134,0.5851763665945998,batch_200-300.arrow,LOW
0005137,0.4571060769644821,batch_200-300.arrow,LOW
0005139,0.6179383600790785,batch_200-300.arrow,HIGH
0005140,0.8605624793613541,batch_200-300.arrow,HIGH
0005141,0.8319946212740607,batch_200-300.arrow,HIGH
0005142,0.8498624318723939,batch_200-300.arrow,HIGH
0005143,0.7218396718403,batch_200-300.arrow,HIGH
0005146,0.7063154156450023,batch_200-300.arrow,HIGH
0005147,0.7380581538628332,batch_200-300.arrow,HIGH
0005148,0.874804562406409,batch_200-300.arrow,HIGH
0005149,0.46884111346130414,batch_200-300.arrow,LOW
0005150,0.39033447691081186,batch_200-300.arrow,LOW
0005151,0.8128406905447564,batch_200-300.arrow,HIGH
0005153,0.4025691475470949,batch_200-300.arrow,LOW
0005154,0.8656062310467608,batch_200-300.arrow,HIGH
0005155,0.7359404802335563,batch_200-300.arrow,HIGH
0005156,0.8520319534416041,batch_200-300.arrow,HIGH
0005157,0.8328830912414379,batch_200-300.arrow,HIGH
0005158,0.6462454213762251,batch_200-300.arrow,HIGH
0005159,0.5612067327456275,batch_200-300.arrow,LOW
0005160,0.6605029732981172,batch_200-300.arrow,HIGH
0005162,0.6183210845935535,batch_200-300.arrow,HIGH
0005163,0.5985565187562886,batch_200-300.arrow,LOW
0005166,0.8374555703269326,batch_200-300.arrow,HIGH
0005167,0.7156353348599699,batch_200-300.arrow,HIGH
0005168,0.7095561934004114,batch_200-300.arrow,HIGH
0005169,0.7971656262288235,batch_200-300.arrow,HIGH
0005170,0.6259787095615528,batch_200-300.arrow,HIGH
0005171,0.8276706704810742,batch_200-300.arrow,HIGH
0005172,0.8060962190682638,batch_200-300.arrow,HIGH
0005173,0.472420504055515,batch_200-300.arrow,LOW
0005174,0.46806957121687587,batch_200-300.arrow,LOW
0005175,0.5115049396987844,batch_200-300.arrow,LOW
0005176,0.781009913245385,batch_200-300.arrow,HIGH
0005177,0.8004722359230114,batch_200-300.arrow,HIGH
0005179,0.7880575022993952,batch_200-300.arrow,HIGH
0005180,0.7946684997822703,batch_200-300.arrow,HIGH
0005181,0.8017039324371069,batch_200-300.arrow,HIGH
0005182,0.22732179668872454,batch_200-300.arrow,LOW
0005184,0.8201276339961995,batch_200-300.arrow,HIGH
0005185,0.7845395560067084,batch_200-300.arrow,HIGH
0005189,0.7336483760516082,batch_200-300.arrow,HIGH
0005191,0.831740150349885,batch_200-300.arrow,HIGH
0005197,0.7466336146944759,batch_200-300.arrow,HIGH
0005198,0.527851378523296,batch_200-300.arrow,LOW
0005200,0.8197007660820465,batch_200-300.arrow,HIGH
0005202,0.550620156815774,batch_200-300.arrow,LOW
0005204,0.28237458035793067,batch_200-300.arrow,LOW
0005205,0.8803940120332605,batch_200-300.arrow,HIGH
0005206,0.7610673407772607,batch_200-300.arrow,HIGH
0005209,0.6876064264164373,batch_200-300.arrow,HIGH
0005212,0.7885361040097929,batch_200-300.arrow,HIGH
0005213,0.7946252249697422,batch_200-300.arrow,HIGH
0005215,0.8435572717099759,batch_200-300.arrow,HIGH
0005216,0.8436352517369897,batch_200-300.arrow,HIGH
0005218,0.8375277230560662,batch_200-300.arrow,HIGH
0005220,0.6780087515138303,batch_200-300.arrow,HIGH
0005221,0.5144861576090448,batch_200-300.arrow,LOW
0005222,0.7642663668862345,batch_200-300.arrow,HIGH
0005223,0.6931491314491813,batch_200-300.arrow,HIGH
0005224,0.6520923520450909,batch_200-300.arrow,HIGH
0005225,0.7933266870116223,batch_200-300.arrow,HIGH
0005226,0.5949238971319835,batch_200-300.arrow,LOW
0005227,0.7057008167452276,batch_200-300.arrow,HIGH
0005228,0.7355894304477467,batch_200-300.arrow,HIGH
0005229,0.8394233178149485,batch_200-300.arrow,HIGH
0005230,0.49513898479082014,batch_200-300.arrow,LOW
0005231,0.8049235463128671,batch_200-300.arrow,HIGH
0005233,0.7143830724431478,batch_200-300.arrow,HIGH
0005234,0.6550784108939779,batch_200-300.arrow,HIGH
0005237,0.608031475975364,batch_200-300.arrow,HIGH
0005238,0.6333723661622727,batch_200-300.arrow,HIGH
0005239,0.42125550697093334,batch_200-300.arrow,LOW
0005240,0.4701578037340326,batch_200-300.arrow,LOW
0005241,0.8359723318123539,batch_200-300.arrow,HIGH
0005242,0.739678341170193,batch_200-300.arrow,HIGH
0005244,0.813035442800869,batch_200-300.arrow,HIGH
0005246,0.8048060002730427,batch_200-300.arrow,HIGH
0005248,0.8230061084523017,batch_200-300.arrow,HIGH
0005249,0.7694252013746777,batch_200-300.arrow,HIGH
0005250,0.8459667895768571,batch_200-300.arrow,HIGH
0005251,0.7862889878241225,batch_200-300.arrow,HIGH
0005252,0.8461114889953146,batch_200-300.arrow,HIGH
0005255,0.7912630402053601,batch_200-300.arrow,HIGH
0005258,0.6501203863312396,batch_200-300.arrow,HIGH
0005261,0.8576578882903586,batch_200-300.arrow,HIGH
0005262,0.7111210596776241,batch_200-300.arrow,HIGH
0005263,0.7593370866109922,batch_200-300.arrow,HIGH
0005264,0.7838024095797986,batch_200-300.arrow,HIGH
0005265,0.8074557013724837,batch_200-300.arrow,HIGH
0005266,0.7427765224547936,batch_200-300.arrow,HIGH
0005267,0.7476579946841869,batch_200-300.arrow,HIGH
0005269,0.7327404537849279,batch_200-300.arrow,HIGH
0005271,0.6770239754461649,batch_200-300.arrow,HIGH
0005272,0.8315545726522943,batch_200-300.arrow,HIGH
0005273,0.7693779541167028,batch_200-300.arrow,HIGH
0005274,0.8007621546670659,batch_200-300.arrow,HIGH
0005275,0.6969716147821922,batch_200-300.arrow,HIGH
0005276,0.8306496360615497,batch_200-300.arrow,HIGH
0007717,0.8310190039338076,batch_2100-2200.arrow,HIGH
0007719,0.799290874956165,batch_2100-2200.arrow,HIGH
0007720,0.7472990223602315,batch_2100-2200.arrow,HIGH
0007721,0.2606650110334093,batch_2100-2200.arrow,LOW
0007722,0.5745037656448807,batch_2100-2200.arrow,LOW
0007723,0.5812064546043724,batch_2100-2200.arrow,LOW
0007724,0.4026969873955406,batch_2100-2200.arrow,LOW
0007725,0.7388097455530152,batch_2100-2200.arrow,HIGH
0007726,0.7588212965680561,batch_2100-2200.arrow,HIGH
0007727,0.7614302168690896,batch_2100-2200.arrow,HIGH
0007728,0.7203581484109077,batch_2100-2200.arrow,HIGH
0007729,0.767767067191837,batch_2100-2200.arrow,HIGH
0007730,0.8713363734429883,batch_2100-2200.arrow,HIGH
0007733,0.8293474483840247,batch_2100-2200.arrow,HIGH
0007736,0.5619274736257284,batch_2100-2200.arrow,LOW
0007738,0.7807142240033581,batch_2100-2200.arrow,HIGH
0007739,0.6934519879378556,batch_2100-2200.arrow,HIGH
0007740,0.7648853623435978,batch_2100-2200.arrow,HIGH
0007742,0.7388149957559754,batch_2100-2200.arrow,HIGH
0007743,0.7432842760043473,batch_2100-2200.arrow,HIGH
0007744,0.833465776916097,batch_2100-2200.arrow,HIGH
0007745,0.8136419092703324,batch_2100-2200.arrow,HIGH
0007747,0.6128314084226437,batch_2100-2200.arrow,HIGH
0007748,0.4310606667864756,batch_2100-2200.arrow,LOW
0007750,0.7760988773504636,batch_2100-2200.arrow,HIGH
0007751,0.7693144810727475,batch_2100-2200.arrow,HIGH
0007752,0.8083112978668163,batch_2100-2200.arrow,HIGH
0007753,0.42557888608883987,batch_2100-2200.arrow,LOW
0007756,0.43206026511834184,batch_2100-2200.arrow,LOW
0007757,0.7800225917881919,batch_2100-2200.arrow,HIGH
0007758,0.7498911897281711,batch_2100-2200.arrow,HIGH
0007759,0.8549335615205496,batch_2100-2200.arrow,HIGH
0007760,0.7994696885540021,batch_2100-2200.arrow,HIGH
0007761,0.7035970530702117,batch_2100-2200.arrow,HIGH
0007764,0.6545509805149147,batch_2100-2200.arrow,HIGH
0007765,0.3839485600838884,batch_2100-2200.arrow,LOW
0007766,0.8102162230511931,batch_2100-2200.arrow,HIGH
0007768,0.7100821740061112,batch_2100-2200.arrow,HIGH
0007769,0.607724686234333,batch_2100-2200.arrow,HIGH
0007770,0.6251656114835785,batch_2100-2200.arrow,HIGH
0007771,0.8121572228757752,batch_2100-2200.arrow,HIGH
0007772,0.7659813397623525,batch_2100-2200.arrow,HIGH
0007773,0.7270133599978484,batch_2100-2200.arrow,HIGH
0007774,0.6843434551594303,batch_2100-2200.arrow,HIGH
0007775,0.8535977709865358,batch_2100-2200.arrow,HIGH
0007777,0.7456800141067083,batch_2100-2200.arrow,HIGH
0007781,0.4565326749487629,batch_2100-2200.arrow,LOW
0007783,0.5712096489350115,batch_2100-2200.arrow,LOW
0007784,0.4872400136809388,batch_2100-2200.arrow,LOW
0007785,0.6732918492104858,batch_2100-2200.arrow,HIGH
0007786,0.7908342973635029,batch_2100-2200.arrow,HIGH
0007787,0.743952576969053,batch_2100-2200.arrow,HIGH
0007788,0.7002363217258463,batch_2100-2200.arrow,HIGH
0007789,0.8283469294791875,batch_2100-2200.arrow,HIGH
0007790,0.6013957901968409,batch_2100-2200.arrow,HIGH
0007791,0.6425063945925992,batch_2100-2200.arrow,HIGH
0007792,0.49405170459524594,batch_2100-2200.arrow,LOW
0007794,0.8072288735818393,batch_2100-2200.arrow,HIGH
0007795,0.6822708735163413,batch_2100-2200.arrow,HIGH
0007796,0.7292067491784735,batch_2100-2200.arrow,HIGH
0007797,0.8404447547938695,batch_2100-2200.arrow,HIGH
0007798,0.6272553655338874,batch_2100-2200.arrow,HIGH
0007799,0.8276298632798703,batch_2100-2200.arrow,HIGH
0007801,0.7204065667300347,batch_2100-2200.arrow,HIGH
0007802,0.8181384607204683,batch_2100-2200.arrow,HIGH
0007803,0.6757346867538696,batch_2100-2200.arrow,HIGH
0007804,0.7397438902047014,batch_2100-2200.arrow,HIGH
0007805,0.8464899587827105,batch_2100-2200.arrow,HIGH
0007806,0.8015759288843983,batch_2100-2200.arrow,HIGH
0007807,0.5151777752617305,batch_2100-2200.arrow,LOW
0007808,0.6105817255026618,batch_2100-2200.arrow,HIGH
0007810,0.7423911758698122,batch_2100-2200.arrow,HIGH
0007811,0.6211954568302368,batch_2100-2200.arrow,HIGH
0007812,0.5699819668188867,batch_2100-2200.arrow,LOW
0007814,0.8027085275389748,batch_2100-2200.arrow,HIGH
0007816,0.6498351259723507,batch_2100-2200.arrow,HIGH
0007817,0.7869973444356241,batch_2100-2200.arrow,HIGH
0007818,0.21385243018289637,batch_2100-2200.arrow,LOW
0007819,0.7547519778879278,batch_2100-2200.arrow,HIGH
0007820,0.764878405111419,batch_2100-2200.arrow,HIGH
0007821,0.7731515884444047,batch_2100-2200.arrow,HIGH
0007823,0.8177887847146215,batch_2100-2200.arrow,HIGH
0007827,0.49809439522264,batch_2100-2200.arrow,LOW
0007829,0.8143748694151854,batch_2100-2200.arrow,HIGH
0007833,0.8548390953401622,batch_2100-2200.arrow,HIGH
0007835,0.8556782717935459,batch_2100-2200.arrow,HIGH
0007837,0.8218192237669459,batch_2100-2200.arrow,HIGH
0007838,0.5653856029400427,batch_2100-2200.arrow,LOW
0007839,0.8476101451447343,batch_2100-2200.arrow,HIGH
0007840,0.4594596958289823,batch_2100-2200.arrow,LOW
0007842,0.3967991756652947,batch_2100-2200.arrow,LOW
0007843,0.4805617639624038,batch_2100-2200.arrow,LOW
0007844,0.6810698654674123,batch_2100-2200.arrow,HIGH
0007845,0.7296663035710661,batch_2100-2200.arrow,HIGH
0007847,0.74913498386482,batch_2100-2200.arrow,HIGH
0007849,0.63211849771326,batch_2100-2200.arrow,HIGH
0007850,0.6074003736425116,batch_2100-2200.arrow,HIGH
0007851,0.6280891215120628,batch_2100-2200.arrow,HIGH
0008153,0.797180880216115,batch_2400-2500.arrow,HIGH
0008155,0.5395031095035416,batch_2400-2500.arrow,LOW
0008156,0.5059714006840238,batch_2400-2500.arrow,LOW
0008157,0.8123518285303891,batch_2400-2500.arrow,HIGH
0008158,0.6292223291524888,batch_2400-2500.arrow,HIGH
0008159,0.44315530789102414,batch_2400-2500.arrow,LOW
0008160,0.7697251336918626,batch_2400-2500.arrow,HIGH
0008161,0.6778656333214892,batch_2400-2500.arrow,HIGH
0008162,0.703395282653069,batch_2400-2500.arrow,HIGH
0008164,0.7690840111422116,batch_2400-2500.arrow,HIGH
0008166,0.8175310201600706,batch_2400-2500.arrow,HIGH
0008168,0.6602812353145936,batch_2400-2500.arrow,HIGH
0008171,0.6243651907701375,batch_2400-2500.arrow,HIGH
0008173,0.7608454068936767,batch_2400-2500.arrow,HIGH
0008174,0.7624463261020753,batch_2400-2500.arrow,HIGH
0008175,0.6434790009147219,batch_2400-2500.arrow,HIGH
0008176,0.8487271988598192,batch_2400-2500.arrow,HIGH
0008177,0.8039221312243656,batch_2400-2500.arrow,HIGH
0008178,0.45528807068740057,batch_2400-2500.arrow,LOW
0008179,0.6223377109252265,batch_2400-2500.arrow,HIGH
0008180,0.819780905365322,batch_2400-2500.arrow,HIGH
0008181,0.8475342986846276,batch_2400-2500.arrow,HIGH
0008183,0.5517296473390214,batch_2400-2500.arrow,LOW
0008184,0.5758076405829252,batch_2400-2500.arrow,LOW
0008186,0.610656264832258,batch_2400-2500.arrow,HIGH
0008189,0.597279323151707,batch_2400-2500.arrow,LOW
0008190,0.7579615922824557,batch_2400-2500.arrow,HIGH
0008191,0.7980331452598189,batch_2400-2500.arrow,HIGH
0008192,0.29822691959644504,batch_2400-2500.arrow,LOW
0008194,0.6755881433095144,batch_2400-2500.arrow,HIGH
0008197,0.8156432425300396,batch_2400-2500.arrow,HIGH
0008198,0.8187356673627969,batch_2400-2500.arrow,HIGH
0008199,0.7923329270066812,batch_2400-2500.arrow,HIGH
0008200,0.7943121908171943,batch_2400-2500.arrow,HIGH
0008201,0.8063389778014326,batch_2400-2500.arrow,HIGH
0008205,0.7547394835984753,batch_2400-2500.arrow,HIGH
0008206,0.8377590227805327,batch_2400-2500.arrow,HIGH
0008207,0.6771541784473655,batch_2400-2500.arrow,HIGH
0008208,0.8216991496943672,batch_2400-2500.arrow,HIGH
0008209,0.8294055800347359,batch_2400-2500.arrow,HIGH
0008211,0.7227486769059448,batch_2400-2500.arrow,HIGH
0008212,0.6250149856966437,batch_2400-2500.arrow,HIGH
0008213,0.7462116172946649,batch_2400-2500.arrow,HIGH
0008214,0.8008755179574676,batch_2400-2500.arrow,HIGH
0008215,0.8286103681250946,batch_2400-2500.arrow,HIGH
0008216,0.3832664293236352,batch_2400-2500.arrow,LOW
0008217,0.6049828806334246,batch_2400-2500.arrow,HIGH
0008218,0.666372059682355,batch_2400-2500.arrow,HIGH
0008219,0.5604014625509718,batch_2400-2500.arrow,LOW
0008221,0.8577925433129061,batch_2400-2500.arrow,HIGH
0008222,0.8231460782755811,batch_2400-2500.arrow,HIGH
0008223,0.799550035669026,batch_2400-2500.arrow,HIGH
0008225,0.8222015291091588,batch_2400-2500.arrow,HIGH
0008226,0.8417718018196183,batch_2400-2500.arrow,HIGH
0008228,0.6453665045464195,batch_2400-2500.arrow,HIGH
0008229,0.8474177492790723,batch_2400-2500.arrow,HIGH
0008233,0.5438675053219718,batch_2400-2500.arrow,LOW
0008235,0.3603353028725247,batch_2400-2500.arrow,LOW
0008236,0.604824241688135,batch_2400-2500.arrow,HIGH
0008238,0.8857293924207994,batch_2400-2500.arrow,HIGH
0008239,0.4324976510761465,batch_2400-2500.arrow,LOW
0008241,0.8138189463492568,batch_2400-2500.arrow,HIGH
0008243,0.8155207158508596,batch_2400-2500.arrow,HIGH
0008244,0.8201433203488483,batch_2400-2500.arrow,HIGH
0008245,0.747830022628864,batch_2400-2500.arrow,HIGH
0008247,0.8076428661706174,batch_2400-2500.arrow,HIGH
0008248,0.7095320781503887,batch_2400-2500.arrow,HIGH
0008250,0.7354515851558091,batch_2400-2500.arrow,HIGH
0008251,0.861172173793661,batch_2400-2500.arrow,HIGH
0008252,0.7609794832619089,batch_2400-2500.arrow,HIGH
0008253,0.2634358965959009,batch_2400-2500.arrow,LOW
0008254,0.786093505752818,batch_2400-2500.arrow,HIGH
0008256,0.8110735233955046,batch_2400-2500.arrow,HIGH
0008257,0.7048254593938199,batch_2400-2500.arrow,HIGH
0008259,0.5680124483650895,batch_2400-2500.arrow,LOW
0008260,0.7687424380999751,batch_2400-2500.arrow,HIGH
0008261,0.7534042446272435,batch_2400-2500.arrow,HIGH
0008262,0.7994136001428019,batch_2400-2500.arrow,HIGH
0008264,0.4709539605433111,batch_2400-2500.arrow,LOW
0008265,0.71121161002173,batch_2400-2500.arrow,HIGH
0008266,0.626440381134201,batch_2400-2500.arrow,HIGH
0008267,0.8482589414259908,batch_2400-2500.arrow,HIGH
0008268,0.8269418924623552,batch_2400-2500.arrow,HIGH
0008269,0.733337626881769,batch_2400-2500.arrow,HIGH
0008270,0.5289713730901825,batch_2400-2500.arrow,LOW
0008271,0.8112681787519217,batch_2400-2500.arrow,HIGH
0008274,0.755400637677058,batch_2400-2500.arrow,HIGH
0008275,0.8648456741950943,batch_2400-2500.arrow,HIGH
0008278,0.41894844335632975,batch_2400-2500.arrow,LOW
0008279,0.8249336067528316,batch_2400-2500.arrow,HIGH
0008280,0.7433205387761935,batch_2400-2500.arrow,HIGH
0008281,0.6232031537906554,batch_2400-2500.arrow,HIGH
0008282,0.4806354293603117,batch_2400-2500.arrow,LOW
0008283,0.45144981971547393,batch_2400-2500.arrow,LOW
0008284,0.3369710266348372,batch_2400-2500.arrow,LOW
0008285,0.650417925089473,batch_2400-2500.arrow,HIGH
0008286,0.4186309289188257,batch_2400-2500.arrow,LOW
0008287,0.8085392359536905,batch_2400-2500.arrow,HIGH
0008288,0.769246968130262,batch_2400-2500.arrow,HIGH
0008567,0.46124385778824156,batch_2700-2800.arrow,LOW
0008568,0.7923166865425552,batch_2700-2800.arrow,HIGH
0008569,0.40931482537517816,batch_2700-2800.arrow,LOW
0008571,0.8017674743651275,batch_2700-2800.arrow,HIGH
0008572,0.703089879666302,batch_2700-2800.arrow,HIGH
0008573,0.6120891219897394,batch_2700-2800.arrow,HIGH
0008574,0.5906922562383289,batch_2700-2800.arrow,LOW
0008575,0.6238149887686193,batch_2700-2800.arrow,HIGH
0008576,0.8194628743375273,batch_2700-2800.arrow,HIGH
0008577,0.45181005520275336,batch_2700-2800.arrow,LOW
0008580,0.8123874932705878,batch_2700-2800.arrow,HIGH
0008581,0.5642135292090688,batch_2700-2800.arrow,LOW
0008582,0.7862781685526615,batch_2700-2800.arrow,HIGH
0008584,0.7982955479321898,batch_2700-2800.arrow,HIGH
0008585,0.712229085905781,batch_2700-2800.arrow,HIGH
0008587,0.7402374251728067,batch_2700-2800.arrow,HIGH
0008589,0.6886386245317971,batch_2700-2800.arrow,HIGH
0008591,0.5267103743970954,batch_2700-2800.arrow,LOW
0008592,0.717155836036362,batch_2700-2800.arrow,HIGH
0008594,0.8144435156622634,batch_2700-2800.arrow,HIGH
0008595,0.4803857748043916,batch_2700-2800.arrow,LOW
0008598,0.6027422319111233,batch_2700-2800.arrow,HIGH
0008599,0.6843662819847253,batch_2700-2800.arrow,HIGH
0008601,0.8014547795112322,batch_2700-2800.arrow,HIGH
0008602,0.7144656113305313,batch_2700-2800.arrow,HIGH
0008603,0.7339366049295984,batch_2700-2800.arrow,HIGH
0008604,0.8270278497304092,batch_2700-2800.arrow,HIGH
0008607,0.696702887824611,batch_2700-2800.arrow,HIGH
0008608,0.25675262247776703,batch_2700-2800.arrow,LOW
0008609,0.7352699289610061,batch_2700-2800.arrow,HIGH
0008610,0.7878740723272729,batch_2700-2800.arrow,HIGH
0008611,0.7269593373716347,batch_2700-2800.arrow,HIGH
0008612,0.6614755165882508,batch_2700-2800.arrow,HIGH
0008613,0.8245549117318255,batch_2700-2800.arrow,HIGH
0008614,0.3168112112772515,batch_2700-2800.arrow,LOW
0008615,0.7689810148308439,batch_2700-2800.arrow,HIGH
0008616,0.6194635048944926,batch_2700-2800.arrow,HIGH
0008617,0.6754036933211641,batch_2700-2800.arrow,HIGH
0008619,0.4590281005646864,batch_2700-2800.arrow,LOW
0008621,0.8054199343116605,batch_2700-2800.arrow,HIGH
0008622,0.7960302506045106,batch_2700-2800.arrow,HIGH
0008624,0.8000188354884035,batch_2700-2800.arrow,HIGH
0008626,0.3756126072198411,batch_2700-2800.arrow,LOW
0008627,0.6152717087730556,batch_2700-2800.arrow,HIGH
0008629,0.7895786698137118,batch_2700-2800.arrow,HIGH
0008630,0.7880580722162621,batch_2700-2800.arrow,HIGH
0008632,0.7250888145313134,batch_2700-2800.arrow,HIGH
0008633,0.6686433661556924,batch_2700-2800.arrow,HIGH
0008635,0.808693647819917,batch_2700-2800.arrow,HIGH
0008636,0.7894347632202482,batch_2700-2800.arrow,HIGH
0008637,0.4268294295363801,batch_2700-2800.arrow,LOW
0008638,0.8172765261549086,batch_2700-2800.arrow,HIGH
0008639,0.46588659548265854,batch_2700-2800.arrow,LOW
0008640,0.8019353828548264,batch_2700-2800.arrow,HIGH
0008641,0.7105595359673025,batch_2700-2800.arrow,HIGH
0008642,0.7686472162553852,batch_2700-2800.arrow,HIGH
0008644,0.8088680514251355,batch_2700-2800.arrow,HIGH
0008645,0.6661928190356299,batch_2700-2800.arrow,HIGH
0008646,0.08912912153912513,batch_2700-2800.arrow,LOW
0008647,0.7663365809844938,batch_2700-2800.arrow,HIGH
0008649,0.6820371865198381,batch_2700-2800.arrow,HIGH
0008650,0.7551114845441291,batch_2700-2800.arrow,HIGH
0008651,0.35213471575817823,batch_2700-2800.arrow,LOW
0008654,0.8254518918042265,batch_2700-2800.arrow,HIGH
0008655,0.778392664844814,batch_2700-2800.arrow,HIGH
0008658,0.8265406429377117,batch_2700-2800.arrow,HIGH
0008659,0.8147840270032876,batch_2700-2800.arrow,HIGH
0008660,0.8208069968167866,batch_2700-2800.arrow,HIGH
0008662,0.7767508367462962,batch_2700-2800.arrow,HIGH
0008663,0.6359156002522258,batch_2700-2800.arrow,HIGH
0008664,0.6924859513636736,batch_2700-2800.arrow,HIGH
0008665,0.3104329630875351,batch_2700-2800.arrow,LOW
0008666,0.8351827554976103,batch_2700-2800.arrow,HIGH
0008668,0.39188321900575535,batch_2700-2800.arrow,LOW
0008670,0.6547961368571454,batch_2700-2800.arrow,HIGH
0008671,0.6900321580011138,batch_2700-2800.arrow,HIGH
0008672,0.8309569121126531,batch_2700-2800.arrow,HIGH
0008673,0.6680434901217153,batch_2700-2800.arrow,HIGH
0008674,0.6615624679417036,batch_2700-2800.arrow,HIGH
0008675,0.3441576176607999,batch_2700-2800.arrow,LOW
0008676,0.6552615959362905,batch_2700-2800.arrow,HIGH
0008677,0.7048861355902835,batch_2700-2800.arrow,HIGH
0008678,0.6800141756421424,batch_2700-2800.arrow,HIGH
0008679,0.5404509749186946,batch_2700-2800.arrow,LOW
0008680,0.72862797182343,batch_2700-2800.arrow,HIGH
0008681,0.8266648001140643,batch_2700-2800.arrow,HIGH
0008682,0.8647272086489656,batch_2700-2800.arrow,HIGH
0008683,0.7683531213169367,batch_2700-2800.arrow,HIGH
0008684,0.6000291351847903,batch_2700-2800.arrow,HIGH
0008685,0.6356391825628823,batch_2700-2800.arrow,HIGH
0008686,0.844306669426798,batch_2700-2800.arrow,HIGH
0008691,0.3229876205885871,batch_2700-2800.arrow,LOW
0008692,0.4423255961971256,batch_2700-2800.arrow,LOW
0008693,0.7109288749688393,batch_2700-2800.arrow,HIGH
0008694,0.7071042146001313,batch_2700-2800.arrow,HIGH
0008696,0.8308887905818091,batch_2700-2800.arrow,HIGH
0008697,0.8114028956402765,batch_2700-2800.arrow,HIGH
0008698,0.3482205590704916,batch_2800-2900.arrow,LOW
0008699,0.8238490427319799,batch_2800-2900.arrow,HIGH
0008700,0.6748460252617074,batch_2800-2900.arrow,HIGH
0008701,0.33854665337866613,batch_2800-2900.arrow,LOW
0008702,0.4867002662166489,batch_2800-2900.arrow,LOW
0008703,0.39633866466742546,batch_2800-2900.arrow,LOW
0008704,0.8188461114912403,batch_2800-2900.arrow,HIGH
0008705,0.6545091290065604,batch_2800-2900.arrow,HIGH
0008706,0.5706336139275437,batch_2800-2900.arrow,LOW
0008707,0.8307425782282191,batch_2800-2900.arrow,HIGH
0008708,0.7861536043994758,batch_2800-2900.arrow,HIGH
0008709,0.827753948117696,batch_2800-2900.arrow,HIGH
0008710,0.8049609443978412,batch_2800-2900.arrow,HIGH
0008711,0.8684192611729707,batch_2800-2900.arrow,HIGH
0008712,0.6971954408021367,batch_2800-2900.arrow,HIGH
0008713,0.8230747578866245,batch_2800-2900.arrow,HIGH
0008714,0.7507820393762135,batch_2800-2900.arrow,HIGH
0008716,0.7547229168326736,batch_2800-2900.arrow,HIGH
0008717,0.651418549644008,batch_2800-2900.arrow,HIGH
0008719,0.8057771286873546,batch_2800-2900.arrow,HIGH
0008720,0.7919611814072504,batch_2800-2900.arrow,HIGH
0008723,0.7899259673477204,batch_2800-2900.arrow,HIGH
0008725,0.4795500271374915,batch_2800-2900.arrow,LOW
0008726,0.3443354614667311,batch_2800-2900.arrow,LOW
0008727,0.6969565947275806,batch_2800-2900.arrow,HIGH
0008729,0.44448957833844,batch_2800-2900.arrow,LOW
0008730,0.8118734423393988,batch_2800-2900.arrow,HIGH
0008731,0.6887544919943794,batch_2800-2900.arrow,HIGH
0008732,0.7678447892091557,batch_2800-2900.arrow,HIGH
0008733,0.49841096651684785,batch_2800-2900.arrow,LOW
0008734,0.7645701036741155,batch_2800-2900.arrow,HIGH
0008735,0.8272026002989009,batch_2800-2900.arrow,HIGH
0008736,0.5718999921302929,batch_2800-2900.arrow,LOW
0008737,0.5115485179693223,batch_2800-2900.arrow,LOW
0008738,0.7779465753428912,batch_2800-2900.arrow,HIGH
0008741,0.6161810092834922,batch_2800-2900.arrow,HIGH
0008742,0.6855436745996907,batch_2800-2900.arrow,HIGH
0008743,0.2792340827904664,batch_2800-2900.arrow,LOW
0008745,0.8451973986166172,batch_2800-2900.arrow,HIGH
0008747,0.6898372212541298,batch_2800-2900.arrow,HIGH
0008748,0.8101624649340193,batch_2800-2900.arrow,HIGH
0008749,0.6473147896447619,batch_2800-2900.arrow,HIGH
0008750,0.8690433234600553,batch_2800-2900.arrow,HIGH
0008751,0.6711778248377991,batch_2800-2900.arrow,HIGH
0008752,0.7811148535165829,batch_2800-2900.arrow,HIGH
0008753,0.3918217615101673,batch_2800-2900.arrow,LOW
0008754,0.6661355218815906,batch_2800-2900.arrow,HIGH
0008755,0.5672529902106872,batch_2800-2900.arrow,LOW
0008756,0.6019888069121752,batch_2800-2900.arrow,HIGH
0008757,0.7883121358147952,batch_2800-2900.arrow,HIGH
0008758,0.8156675090403044,batch_2800-2900.arrow,HIGH
0008759,0.596504756328427,batch_2800-2900.arrow,LOW
0008760,0.47431485005190854,batch_2800-2900.arrow,LOW
0008761,0.7397167309662728,batch_2800-2900.arrow,HIGH
0008762,0.695790424915464,batch_2800-2900.arrow,HIGH
0008763,0.5213147540405353,batch_2800-2900.arrow,LOW
0008764,0.2996659274363247,batch_2800-2900.arrow,LOW
0008766,0.8486596802225309,batch_2800-2900.arrow,HIGH
0008768,0.8186945841419201,batch_2800-2900.arrow,HIGH
0008769,0.7491830280712994,batch_2800-2900.arrow,HIGH
0008771,0.8092273865595475,batch_2800-2900.arrow,HIGH
0008772,0.8376930527320057,batch_2800-2900.arrow,HIGH
0008773,0.6181906508203404,batch_2800-2900.arrow,HIGH
0008774,0.872855873387815,batch_2800-2900.arrow,HIGH
0008775,0.6558936425245535,batch_2800-2900.arrow,HIGH
0008776,0.7929378676851001,batch_2800-2900.arrow,HIGH
0008780,0.5710661156203684,batch_2800-2900.arrow,LOW
0008781,0.6851960567546754,batch_2800-2900.arrow,HIGH
0008782,0.20024597389379514,batch_2800-2900.arrow,LOW
0008784,0.5265918346859936,batch_2800-2900.arrow,LOW
0008785,0.8150253828777404,batch_2800-2900.arrow,HIGH
0008788,0.4539593456823446,batch_2800-2900.arrow,LOW
0008789,0.7729545407067415,batch_2800-2900.arrow,HIGH
0008792,0.8700537611423221,batch_2800-2900.arrow,HIGH
0008793,0.6873405723683826,batch_2800-2900.arrow,HIGH
0008794,0.43800014529286924,batch_2800-2900.arrow,LOW
0008795,0.83268608455356,batch_2800-2900.arrow,HIGH
0008796,0.8262905639889578,batch_2800-2900.arrow,HIGH
0008797,0.7966859908795989,batch_2800-2900.arrow,HIGH
0008798,0.6826008283255103,batch_2800-2900.arrow,HIGH
0008799,0.742483448772887,batch_2800-2900.arrow,HIGH
0008800,0.606796330254658,batch_2800-2900.arrow,HIGH
0008801,0.6028262316825553,batch_2800-2900.arrow,HIGH
0008802,0.802237459445612,batch_2800-2900.arrow,HIGH
0008807,0.6407389392128691,batch_2800-2900.arrow,HIGH
0008808,0.8319603892996534,batch_2800-2900.arrow,HIGH
0008810,0.8111792450734704,batch_2800-2900.arrow,HIGH
0008811,0.6189747280363341,batch_2800-2900.arrow,HIGH
0008812,0.813343077790332,batch_2800-2900.arrow,HIGH
0008813,0.8082467649779272,batch_2800-2900.arrow,HIGH
0008814,0.7730577418004404,batch_2800-2900.arrow,HIGH
0008815,0.7901030036306805,batch_2800-2900.arrow,HIGH
0008816,0.7277176101528634,batch_2800-2900.arrow,HIGH
0008817,0.7687202153720417,batch_2800-2900.arrow,HIGH
0008818,0.743786914804172,batch_2800-2900.arrow,HIGH
0008820,0.7698133208202641,batch_2800-2900.arrow,HIGH
0008821,0.784324826839596,batch_2800-2900.arrow,HIGH
0008822,0.4482276879225817,batch_2800-2900.arrow,LOW
0008823,0.7904934556739546,batch_2800-2900.arrow,HIGH
0008824,0.8600687697310677,batch_2900-3000.arrow,HIGH
0008827,0.40449145865632147,batch_2900-3000.arrow,LOW
0008828,0.6745726875518385,batch_2900-3000.arrow,HIGH
0008830,0.7687351480765451,batch_2900-3000.arrow,HIGH
0008831,0.8397849440046916,batch_2900-3000.arrow,HIGH
0008832,0.8248618456265673,batch_2900-3000.arrow,HIGH
0008833,0.8475530628170359,batch_2900-3000.arrow,HIGH
0008835,0.725134878398786,batch_2900-3000.arrow,HIGH
0008840,0.460002100481348,batch_2900-3000.arrow,LOW
0008841,0.7564328816941703,batch_2900-3000.arrow,HIGH
0008842,0.7536184144316969,batch_2900-3000.arrow,HIGH
0008843,0.6626491759339271,batch_2900-3000.arrow,HIGH
0008844,0.8637509546351557,batch_2900-3000.arrow,HIGH
0008845,0.657521074548083,batch_2900-3000.arrow,HIGH
0008846,0.8268968989349036,batch_2900-3000.arrow,HIGH
0008847,0.8587451324902862,batch_2900-3000.arrow,HIGH
0008848,0.8589712368135743,batch_2900-3000.arrow,HIGH
0008849,0.7315284937909138,batch_2900-3000.arrow,HIGH
0008850,0.5354696195798193,batch_2900-3000.arrow,LOW
0008851,0.5425088120725391,batch_2900-3000.arrow,LOW
0008852,0.15531171832957694,batch_2900-3000.arrow,LOW
0008854,0.75766512525515,batch_2900-3000.arrow,HIGH
0008855,0.7989455074164606,batch_2900-3000.arrow,HIGH
0008856,0.8038568157257805,batch_2900-3000.arrow,HIGH
0008857,0.5829907730234866,batch_2900-3000.arrow,LOW
0008858,0.8140587186877619,batch_2900-3000.arrow,HIGH
0008859,0.17909646345677735,batch_2900-3000.arrow,LOW
0008861,0.37548994888110593,batch_2900-3000.arrow,LOW
0008862,0.7615204548113824,batch_2900-3000.arrow,HIGH
0008864,0.8047861861865563,batch_2900-3000.arrow,HIGH
0008865,0.6022455638305314,batch_2900-3000.arrow,HIGH
0008866,0.7013585111073407,batch_2900-3000.arrow,HIGH
0008867,0.8171684443890621,batch_2900-3000.arrow,HIGH
0008868,0.8233226471814207,batch_2900-3000.arrow,HIGH
0008869,0.8459948022003546,batch_2900-3000.arrow,HIGH
0008870,0.8476059764864555,batch_2900-3000.arrow,HIGH
0008873,0.5575155207387282,batch_2900-3000.arrow,LOW
0008874,0.7732883400378632,batch_2900-3000.arrow,HIGH
0008875,0.6070418263877309,batch_2900-3000.arrow,HIGH
0008876,0.554387613987021,batch_2900-3000.arrow,LOW
0008877,0.8165267346856678,batch_2900-3000.arrow,HIGH
0008879,0.7612553866053885,batch_2900-3000.arrow,HIGH
0008880,0.7441807662874925,batch_2900-3000.arrow,HIGH
0008882,0.7530038969191084,batch_2900-3000.arrow,HIGH
0008883,0.7930785984492043,batch_2900-3000.arrow,HIGH
0008885,0.7871471006206224,batch_2900-3000.arrow,HIGH
0008887,0.7523338102238947,batch_2900-3000.arrow,HIGH
0008889,0.7508948324774426,batch_2900-3000.arrow,HIGH
0008890,0.8027966254422675,batch_2900-3000.arrow,HIGH
0008892,0.6942957666531174,batch_2900-3000.arrow,HIGH
0008893,0.684109490966322,batch_2900-3000.arrow,HIGH
0008894,0.8157162380837666,batch_2900-3000.arrow,HIGH
0008895,0.4469823300874893,batch_2900-3000.arrow,LOW
0008896,0.8545410439999461,batch_2900-3000.arrow,HIGH
0008898,0.7325236206314324,batch_2900-3000.arrow,HIGH
0008899,0.757111648462172,batch_2900-3000.arrow,HIGH
0008903,0.809092105442419,batch_2900-3000.arrow,HIGH
0008904,0.7099724057742081,batch_2900-3000.arrow,HIGH
0008905,0.6968020262879019,batch_2900-3000.arrow,HIGH
0008906,0.3096718179483909,batch_2900-3000.arrow,LOW
0008907,0.6554081507202351,batch_2900-3000.arrow,HIGH
0008908,0.32037094444093134,batch_2900-3000.arrow,LOW
0008909,0.8340464517877599,batch_2900-3000.arrow,HIGH
0008910,0.8073261241692724,batch_2900-3000.arrow,HIGH
0008911,0.6559348497491936,batch_2900-3000.arrow,HIGH
0008912,0.7370326560677402,batch_2900-3000.arrow,HIGH
0008913,0.6725638669095462,batch_2900-3000.arrow,HIGH
0008914,0.7940250166850671,batch_2900-3000.arrow,HIGH
0008915,0.6397383939752092,batch_2900-3000.arrow,HIGH
0008916,0.8021995893326315,batch_2900-3000.arrow,HIGH
0008919,0.7725323840408359,batch_2900-3000.arrow,HIGH
0008921,0.7156815026580235,batch_2900-3000.arrow,HIGH
0008922,0.7136119642596376,batch_2900-3000.arrow,HIGH
0008923,0.47868624688470945,batch_2900-3000.arrow,LOW
0008924,0.48926331491335046,batch_2900-3000.arrow,LOW
0008925,0.8284928808269526,batch_2900-3000.arrow,HIGH
0008926,0.7505855637849853,batch_2900-3000.arrow,HIGH
0008927,0.490589608479685,batch_2900-3000.arrow,LOW
0008928,0.7516763130994978,batch_2900-3000.arrow,HIGH
0008929,0.8391478573131573,batch_2900-3000.arrow,HIGH
0008931,0.7418100812439613,batch_2900-3000.arrow,HIGH
0008933,0.8181572867012865,batch_2900-3000.arrow,HIGH
0008934,0.7045841026253612,batch_2900-3000.arrow,HIGH
0008935,0.7246298561794223,batch_2900-3000.arrow,HIGH
0008936,0.832014809580829,batch_2900-3000.arrow,HIGH
0008938,0.724505473039644,batch_2900-3000.arrow,HIGH
0008942,0.541170947235211,batch_2900-3000.arrow,LOW
0008943,0.6960111487258485,batch_2900-3000.arrow,HIGH
0008944,0.552566484390884,batch_2900-3000.arrow,LOW
0008946,0.8275627626155106,batch_2900-3000.arrow,HIGH
0008947,0.827409179822419,batch_2900-3000.arrow,HIGH
0008948,0.7851058955261091,batch_2900-3000.arrow,HIGH
0008949,0.4110359933821716,batch_2900-3000.arrow,LOW
0008950,0.6162040936785487,batch_2900-3000.arrow,HIGH
0008951,0.7089627597263398,batch_2900-3000.arrow,HIGH
0008952,0.34835773721399704,batch_2900-3000.arrow,LOW
0009077,0.7024365850406454,batch_3100-3200.arrow,HIGH
0009078,0.6251385467453857,batch_3100-3200.arrow,HIGH
0009079,0.7800521770048441,batch_3100-3200.arrow,HIGH
0009080,0.8241532733163304,batch_3100-3200.arrow,HIGH
0009081,0.5370573629310076,batch_3100-3200.arrow,LOW
0009082,0.7470864916556246,batch_3100-3200.arrow,HIGH
0009083,0.3506476246819595,batch_3100-3200.arrow,LOW
0009084,0.5893514521337816,batch_3100-3200.arrow,LOW
0009085,0.563801621234769,batch_3100-3200.arrow,LOW
0009086,0.7661822879782237,batch_3100-3200.arrow,HIGH
0009087,0.6794735533091948,batch_3100-3200.arrow,HIGH
0009088,0.6996846091867583,batch_3100-3200.arrow,HIGH
0009089,0.7635197454177933,batch_3100-3200.arrow,HIGH
0009090,0.7829185527907899,batch_3100-3200.arrow,HIGH
0009091,0.39064385653613387,batch_3100-3200.arrow,LOW
0009092,0.7219169721072013,batch_3100-3200.arrow,HIGH
0009093,0.3981216023886897,batch_3100-3200.arrow,LOW
0009094,0.7172839200822191,batch_3100-3200.arrow,HIGH
0009095,0.7723342728010788,batch_3100-3200.arrow,HIGH
0009096,0.7474400500591397,batch_3100-3200.arrow,HIGH
0009097,0.4103119673438247,batch_3100-3200.arrow,LOW
0009098,0.5998761104894395,batch_3100-3200.arrow,LOW
0009099,0.8432210884669843,batch_3100-3200.arrow,HIGH
0009100,0.7770725863659184,batch_3100-3200.arrow,HIGH
0009101,0.8821431894396947,batch_3100-3200.arrow,HIGH
0009102,0.5706329410752968,batch_3100-3200.arrow,LOW
0009103,0.2894872593529937,batch_3100-3200.arrow,LOW
0009105,0.7306352466796829,batch_3100-3200.arrow,HIGH
0009106,0.8037231856409862,batch_3100-3200.arrow,HIGH
0009107,0.5837388250164558,batch_3100-3200.arrow,LOW
0009108,0.7155132470982765,batch_3100-3200.arrow,HIGH
0009110,0.7809607717736818,batch_3100-3200.arrow,HIGH
0009112,0.5220089411229513,batch_3100-3200.arrow,LOW
0009113,0.8462311437255249,batch_3100-3200.arrow,HIGH
0009114,0.7988835942856493,batch_3100-3200.arrow,HIGH
0009117,0.5225809811472724,batch_3100-3200.arrow,LOW
0009118,0.8510257195806891,batch_3100-3200.arrow,HIGH
0009119,0.6839934347456236,batch_3100-3200.arrow,HIGH
0009120,0.8595687941277435,batch_3100-3200.arrow,HIGH
0009121,0.7132778827819299,batch_3100-3200.arrow,HIGH
0009122,0.6924234406908839,batch_3100-3200.arrow,HIGH
0009123,0.7866102105828275,batch_3100-3200.arrow,HIGH
0009124,0.4644806842789306,batch_3100-3200.arrow,LOW
0009126,0.658903159698797,batch_3100-3200.arrow,HIGH
0009128,0.6906773240336603,batch_3100-3200.arrow,HIGH
0009129,0.5154349313899451,batch_3100-3200.arrow,LOW
0009130,0.80683850397144,batch_3100-3200.arrow,HIGH
0009131,0.450632534275009,batch_3100-3200.arrow,LOW
0009132,0.8035436490395945,batch_3100-3200.arrow,HIGH
0009133,0.31426316469789856,batch_3100-3200.arrow,LOW
0009134,0.8396926015411493,batch_3100-3200.arrow,HIGH
0009135,0.6380170418987262,batch_3100-3200.arrow,HIGH
0009136,0.8396273460756051,batch_3100-3200.arrow,HIGH
0009137,0.7372976287385118,batch_3100-3200.arrow,HIGH
0009138,0.7392508412857808,batch_3100-3200.arrow,HIGH
0009139,0.652259970220755,batch_3100-3200.arrow,HIGH
0009141,0.75849191010747,batch_3100-3200.arrow,HIGH
0009142,0.6232906765241055,batch_3100-3200.arrow,HIGH
0009143,0.6771343800536812,batch_3100-3200.arrow,HIGH
0009144,0.780604662954382,batch_3100-3200.arrow,HIGH
0009145,0.2717681663526799,batch_3100-3200.arrow,LOW
0009147,0.6991178149195719,batch_3100-3200.arrow,HIGH
0009148,0.7700130023152588,batch_3100-3200.arrow,HIGH
0009149,0.27994424778918964,batch_3100-3200.arrow,LOW
0009150,0.7162156851636275,batch_3100-3200.arrow,HIGH
0009151,0.831395158876985,batch_3100-3200.arrow,HIGH
0009152,0.5887741218182997,batch_3100-3200.arrow,LOW
0009154,0.8220171186173708,batch_3100-3200.arrow,HIGH
0009155,0.498662215764778,batch_3100-3200.arrow,LOW
0009156,0.4948575477707801,batch_3100-3200.arrow,LOW
0009157,0.7102008980495645,batch_3100-3200.arrow,HIGH
0009159,0.80264708685238,batch_3100-3200.arrow,HIGH
0009162,0.8179864827677162,batch_3100-3200.arrow,HIGH
0009163,0.6013004215372955,batch_3100-3200.arrow,HIGH
0009164,0.7826467785192373,batch_3100-3200.arrow,HIGH
0009165,0.7649328582196245,batch_3100-3200.arrow,HIGH
0009166,0.6600669372264932,batch_3100-3200.arrow,HIGH
0009167,0.856651265835788,batch_3100-3200.arrow,HIGH
0009168,0.7323122162960288,batch_3100-3200.arrow,HIGH
0009169,0.8218341317757131,batch_3100-3200.arrow,HIGH
0009170,0.7174770764089143,batch_3100-3200.arrow,HIGH
0009171,0.5364565569436407,batch_3100-3200.arrow,LOW
0009172,0.8204074978323059,batch_3100-3200.arrow,HIGH
0009173,0.8479388362837964,batch_3100-3200.arrow,HIGH
0009175,0.8139131033604938,batch_3100-3200.arrow,HIGH
0009176,0.6126299611507434,batch_3100-3200.arrow,HIGH
0009180,0.7070951417456554,batch_3100-3200.arrow,HIGH
0009183,0.8100251647273385,batch_3100-3200.arrow,HIGH
0009184,0.6821303876137632,batch_3100-3200.arrow,HIGH
0009185,0.7965097865150882,batch_3100-3200.arrow,HIGH
0009188,0.39109220638325953,batch_3100-3200.arrow,LOW
0009190,0.1648286786139593,batch_3100-3200.arrow,LOW
0009191,0.7183558552135527,batch_3100-3200.arrow,HIGH
0009192,0.45812358688258303,batch_3100-3200.arrow,LOW
0009193,0.6185524853183063,batch_3100-3200.arrow,HIGH
0009195,0.8500325785754134,batch_3100-3200.arrow,HIGH
0009196,0.6742418010961474,batch_3100-3200.arrow,HIGH
0009198,0.6009082955311013,batch_3100-3200.arrow,HIGH
0009199,0.5940896130005388,batch_3100-3200.arrow,LOW
0009200,0.8364577458593371,batch_3100-3200.arrow,HIGH
0009201,0.7515732669979104,batch_3200-3300.arrow,HIGH
0009202,0.7342378424882404,batch_3200-3300.arrow,HIGH
0009203,0.6185978997481907,batch_3200-3300.arrow,HIGH
0009204,0.7015088781791933,batch_3200-3300.arrow,HIGH
0009205,0.7899838442668536,batch_3200-3300.arrow,HIGH
0009210,0.7742197236458531,batch_3200-3300.arrow,HIGH
0009211,0.788351510609393,batch_3200-3300.arrow,HIGH
0009212,0.8247182791258704,batch_3200-3300.arrow,HIGH
0009213,0.7781047965124515,batch_3200-3300.arrow,HIGH
0009214,0.691669431850289,batch_3200-3300.arrow,HIGH
0009215,0.41735741072321836,batch_3200-3300.arrow,LOW
0009216,0.19320041259733953,batch_3200-3300.arrow,LOW
0009217,0.8190541930869907,batch_3200-3300.arrow,HIGH
0009218,0.1314686967102649,batch_3200-3300.arrow,LOW
0009219,0.43420082161838774,batch_3200-3300.arrow,LOW
0009222,0.6882366472277841,batch_3200-3300.arrow,HIGH
0009224,0.8411162629264198,batch_3200-3300.arrow,HIGH
0009225,0.819998693484552,batch_3200-3300.arrow,HIGH
0009228,0.635831884504768,batch_3200-3300.arrow,HIGH
0009229,0.7023513498181818,batch_3200-3300.arrow,HIGH
0009230,0.8237130610600415,batch_3200-3300.arrow,HIGH
0009231,0.7425420395711467,batch_3200-3300.arrow,HIGH
0009232,0.7633452020752759,batch_3200-3300.arrow,HIGH
0009235,0.8279293265583324,batch_3200-3300.arrow,HIGH
0009236,0.8529787608885995,batch_3200-3300.arrow,HIGH
0009240,0.5757630343749573,batch_3200-3300.arrow,LOW
0009242,0.7315124388391969,batch_3200-3300.arrow,HIGH
0009243,0.4303076715655643,batch_3200-3300.arrow,LOW
0009244,0.7952205705179995,batch_3200-3300.arrow,HIGH
0009245,0.6357800863549965,batch_3200-3300.arrow,HIGH
0009248,0.8227286590789328,batch_3200-3300.arrow,HIGH
0009249,0.508771230824472,batch_3200-3300.arrow,LOW
0009250,0.7998479822445516,batch_3200-3300.arrow,HIGH
0009251,0.5371955848274969,batch_3200-3300.arrow,LOW
0009253,0.5853138535802972,batch_3200-3300.arrow,LOW
0009254,0.8681946163534326,batch_3200-3300.arrow,HIGH
0009257,0.8251484108816772,batch_3200-3300.arrow,HIGH
0009258,0.4040583489554042,batch_3200-3300.arrow,LOW
0009260,0.7059372515022219,batch_3200-3300.arrow,HIGH
0009261,0.8115536724529083,batch_3200-3300.arrow,HIGH
0009262,0.5366850204613173,batch_3200-3300.arrow,LOW
0009263,0.7066955852934035,batch_3200-3300.arrow,HIGH
0009264,0.7881413872550219,batch_3200-3300.arrow,HIGH
0009266,0.7589413557302388,batch_3200-3300.arrow,HIGH
0009267,0.7781509018123419,batch_3200-3300.arrow,HIGH
0009268,0.8680864635437421,batch_3200-3300.arrow,HIGH
0009269,0.505313363528309,batch_3200-3300.arrow,LOW
0009270,0.7763372236833576,batch_3200-3300.arrow,HIGH
0009271,0.7482639074643899,batch_3200-3300.arrow,HIGH
0009272,0.8786541777021458,batch_3200-3300.arrow,HIGH
0009275,0.8186689962854228,batch_3200-3300.arrow,HIGH
0009276,0.689724438511758,batch_3200-3300.arrow,HIGH
0009277,0.6307338948434628,batch_3200-3300.arrow,HIGH
0009278,0.8722117113933807,batch_3200-3300.arrow,HIGH
0009279,0.6015732116101357,batch_3200-3300.arrow,HIGH
0009281,0.7776115671009808,batch_3200-3300.arrow,HIGH
0009285,0.6057160750227938,batch_3200-3300.arrow,HIGH
0009286,0.6749800903421409,batch_3200-3300.arrow,HIGH
0009287,0.8448400500103322,batch_3200-3300.arrow,HIGH
0009288,0.721900079325383,batch_3200-3300.arrow,HIGH
0009289,0.8170206448733793,batch_3200-3300.arrow,HIGH
0009290,0.7809174667149161,batch_3200-3300.arrow,HIGH
0009292,0.4652599152725497,batch_3200-3300.arrow,LOW
0009293,0.7981956488001547,batch_3200-3300.arrow,HIGH
0009294,0.8047464047958354,batch_3200-3300.arrow,HIGH
0009295,0.4714079449585644,batch_3200-3300.arrow,LOW
0009296,0.4906990655087296,batch_3200-3300.arrow,LOW
0009297,0.6869871036348018,batch_3200-3300.arrow,HIGH
0009298,0.5255410513010285,batch_3200-3300.arrow,LOW
0009299,0.6503524511771128,batch_3200-3300.arrow,HIGH
0009300,0.8296632578938565,batch_3200-3300.arrow,HIGH
0009301,0.6949671144350272,batch_3200-3300.arrow,HIGH
0009302,0.4799258168318692,batch_3200-3300.arrow,LOW
0009303,0.7574735792999467,batch_3200-3300.arrow,HIGH
0009304,0.4303078172501238,batch_3200-3300.arrow,LOW
0009307,0.7011726064311815,batch_3200-3300.arrow,HIGH
0009309,0.5525064766283284,batch_3200-3300.arrow,LOW
0009310,0.4039834872023129,batch_3200-3300.arrow,LOW
0009311,0.637047068514971,batch_3200-3300.arrow,HIGH
0009312,0.6686291512610244,batch_3200-3300.arrow,HIGH
0009313,0.29082507728375734,batch_3200-3300.arrow,LOW
0009314,0.8460176325017379,batch_3200-3300.arrow,HIGH
0009315,0.5969539724112316,batch_3200-3300.arrow,LOW
0009317,0.7664865893651536,batch_3200-3300.arrow,HIGH
0009318,0.6867696990511017,batch_3200-3300.arrow,HIGH
0009319,0.6025084215536879,batch_3200-3300.arrow,HIGH
0009321,0.7522845964978618,batch_3200-3300.arrow,HIGH
0009322,0.8547201141500378,batch_3200-3300.arrow,HIGH
0009325,0.8314152515401116,batch_3200-3300.arrow,HIGH
0009326,0.8061858119597806,batch_3200-3300.arrow,HIGH
0009327,0.8307054776758834,batch_3200-3300.arrow,HIGH
0009329,0.8303746110310931,batch_3200-3300.arrow,HIGH
0009330,0.6047276762546341,batch_3200-3300.arrow,HIGH
0009332,0.5303530114887466,batch_3200-3300.arrow,LOW
0009334,0.46028281937001553,batch_3200-3300.arrow,LOW
0009335,0.8511200506296445,batch_3200-3300.arrow,HIGH
0009336,0.7479703300649336,batch_3200-3300.arrow,HIGH
0009337,0.629956042173132,batch_3200-3300.arrow,HIGH
0009338,0.8043101361255549,batch_3300-3400.arrow,HIGH
0009339,0.6018197574861085,batch_3300-3400.arrow,HIGH
0009340,0.8694631794364679,batch_3300-3400.arrow,HIGH
0009341,0.8798597143470132,batch_3300-3400.arrow,HIGH
0009342,0.8558604872124537,batch_3300-3400.arrow,HIGH
0009343,0.7153067831433465,batch_3300-3400.arrow,HIGH
0009344,0.7978824256741612,batch_3300-3400.arrow,HIGH
0009345,0.6637893714273272,batch_3300-3400.arrow,HIGH
0009346,0.18464425584664668,batch_3300-3400.arrow,LOW
0009348,0.4655571057975356,batch_3300-3400.arrow,LOW
0009349,0.7314106858273234,batch_3300-3400.arrow,HIGH
0009350,0.8204013536737317,batch_3300-3400.arrow,HIGH
0009351,0.6470004865959105,batch_3300-3400.arrow,HIGH
0009352,0.5074031227789279,batch_3300-3400.arrow,LOW
0009353,0.2519561610574353,batch_3300-3400.arrow,LOW
0009354,0.7964542599503946,batch_3300-3400.arrow,HIGH
0009355,0.5992704466377529,batch_3300-3400.arrow,LOW
0009356,0.8232611500460106,batch_3300-3400.arrow,HIGH
0009357,0.8785382592654454,batch_3300-3400.arrow,HIGH
0009358,0.7452446260829723,batch_3300-3400.arrow,HIGH
0009359,0.5523204118583758,batch_3300-3400.arrow,LOW
0009360,0.7090900921289927,batch_3300-3400.arrow,HIGH
0009361,0.8273575457822965,batch_3300-3400.arrow,HIGH
0009363,0.6622294323370287,batch_3300-3400.arrow,HIGH
0009364,0.572123817627447,batch_3300-3400.arrow,LOW
0009365,0.8194243735786978,batch_3300-3400.arrow,HIGH
0009366,0.31191763172112025,batch_3300-3400.arrow,LOW
0009367,0.8141670613529048,batch_3300-3400.arrow,HIGH
0009370,0.7957898614065294,batch_3300-3400.arrow,HIGH
0009371,0.5995511816726967,batch_3300-3400.arrow,LOW
0009372,0.7654347830480172,batch_3300-3400.arrow,HIGH
0009373,0.7949322603536987,batch_3300-3400.arrow,HIGH
0009375,0.7215721434338397,batch_3300-3400.arrow,HIGH
0009377,0.7817256377961729,batch_3300-3400.arrow,HIGH
0009378,0.7751283285560527,batch_3300-3400.arrow,HIGH
0009379,0.4508912853880747,batch_3300-3400.arrow,LOW
0009381,0.8738153055273066,batch_3300-3400.arrow,HIGH
0009382,0.7965300759205761,batch_3300-3400.arrow,HIGH
0009384,0.8110882480410955,batch_3300-3400.arrow,HIGH
0009385,0.7871415658834465,batch_3300-3400.arrow,HIGH
0009387,0.8113783351847977,batch_3300-3400.arrow,HIGH
0009390,0.7576279837908494,batch_3300-3400.arrow,HIGH
0009391,0.8015614127809845,batch_3300-3400.arrow,HIGH
0009393,0.4957334124715516,batch_3300-3400.arrow,LOW
0009394,0.8433574842661123,batch_3300-3400.arrow,HIGH
0009395,0.8245980183477059,batch_3300-3400.arrow,HIGH
0009396,0.5936037777066464,batch_3300-3400.arrow,LOW
0009397,0.8366054799004038,batch_3300-3400.arrow,HIGH
0009398,0.7850025520139251,batch_3300-3400.arrow,HIGH
0009399,0.4538738053399845,batch_3300-3400.arrow,LOW
0009400,0.8017653186722425,batch_3300-3400.arrow,HIGH
0009403,0.532623510143905,batch_3300-3400.arrow,LOW
0009405,0.7444012861950738,batch_3300-3400.arrow,HIGH
0009408,0.8403254558142567,batch_3300-3400.arrow,HIGH
0009409,0.799113128878525,batch_3300-3400.arrow,HIGH
0009410,0.6102685260753801,batch_3300-3400.arrow,HIGH
0009412,0.8424594807366685,batch_3300-3400.arrow,HIGH
0009413,0.49782057122937484,batch_3300-3400.arrow,LOW
0009414,0.7440719305737812,batch_3300-3400.arrow,HIGH
0009417,0.8641900357693927,batch_3300-3400.arrow,HIGH
0009418,0.8140551368375114,batch_3300-3400.arrow,HIGH
0009419,0.8469234285653447,batch_3300-3400.arrow,HIGH
0009420,0.7790573860860616,batch_3300-3400.arrow,HIGH
0009421,0.7324543680476165,batch_3300-3400.arrow,HIGH
0009422,0.627194279421288,batch_3300-3400.arrow,HIGH
0009423,0.5602509037231957,batch_3300-3400.arrow,LOW
0009424,0.5005693444546083,batch_3300-3400.arrow,LOW
0009426,0.821309596936937,batch_3300-3400.arrow,HIGH
0009427,0.8270549310993774,batch_3300-3400.arrow,HIGH
0009429,0.4264281423605347,batch_3300-3400.arrow,LOW
0009430,0.6515206665672507,batch_3300-3400.arrow,HIGH
0009431,0.4702524775260994,batch_3300-3400.arrow,LOW
0009432,0.5917887812658572,batch_3300-3400.arrow,LOW
0009433,0.6819160379414061,batch_3300-3400.arrow,HIGH
0009435,0.791940184701866,batch_3300-3400.arrow,HIGH
0009436,0.652098247628977,batch_3300-3400.arrow,HIGH
0009438,0.7943892392434005,batch_3300-3400.arrow,HIGH
0009441,0.7844565927325139,batch_3300-3400.arrow,HIGH
0009442,0.7963764591315377,batch_3300-3400.arrow,HIGH
0009443,0.4736071313900971,batch_3300-3400.arrow,LOW
0009444,0.5967363160516505,batch_3300-3400.arrow,LOW
0009445,0.859010305584993,batch_3300-3400.arrow,HIGH
0009446,0.6751697298048382,batch_3300-3400.arrow,HIGH
0009447,0.8002736949108892,batch_3300-3400.arrow,HIGH
0009448,0.8079824503139311,batch_3300-3400.arrow,HIGH
0009449,0.7572453098796345,batch_3300-3400.arrow,HIGH
0009450,0.8100379523489374,batch_3300-3400.arrow,HIGH
0009451,0.49205265336324433,batch_3300-3400.arrow,LOW
0009452,0.8103078448541837,batch_3300-3400.arrow,HIGH
0009454,0.3367843628730629,batch_3300-3400.arrow,LOW
0009456,0.6075243490179755,batch_3300-3400.arrow,HIGH
0009458,0.6571559547885504,batch_3300-3400.arrow,HIGH
0009459,0.6024338295438474,batch_3300-3400.arrow,HIGH
0009460,0.655851016801068,batch_3300-3400.arrow,HIGH
0009461,0.8770573471918905,batch_3300-3400.arrow,HIGH
0009465,0.22791039430471183,batch_3300-3400.arrow,LOW
0009466,0.5232388216731151,batch_3300-3400.arrow,LOW
0009468,0.715623002320287,batch_3300-3400.arrow,HIGH
0009469,0.6901929505169195,batch_3300-3400.arrow,HIGH
0009470,0.6240862553985284,batch_3300-3400.arrow,HIGH
0009471,0.5266499621111228,batch_3400-3500.arrow,LOW
0009472,0.6159243236437196,batch_3400-3500.arrow,HIGH
0009476,0.8478751858571828,batch_3400-3500.arrow,HIGH
0009479,0.8234863505105986,batch_3400-3500.arrow,HIGH
0009480,0.5282303799094604,batch_3400-3500.arrow,LOW
0009483,0.7817146813697603,batch_3400-3500.arrow,HIGH
0009484,0.7550557089391524,batch_3400-3500.arrow,HIGH
0009485,0.8449042923858769,batch_3400-3500.arrow,HIGH
0009486,0.7709302901745746,batch_3400-3500.arrow,HIGH
0009487,0.8059102384927573,batch_3400-3500.arrow,HIGH
0009489,0.8412074104103834,batch_3400-3500.arrow,HIGH
0009490,0.518160911652224,batch_3400-3500.arrow,LOW
0009491,0.6287326236808822,batch_3400-3500.arrow,HIGH
0009492,0.8042748176106517,batch_3400-3500.arrow,HIGH
0009493,0.7989524336176567,batch_3400-3500.arrow,HIGH
0009494,0.8436362352512629,batch_3400-3500.arrow,HIGH
0009495,0.6917603690910137,batch_3400-3500.arrow,HIGH
0009496,0.7162827693046713,batch_3400-3500.arrow,HIGH
0009497,0.8389573436992851,batch_3400-3500.arrow,HIGH
0009498,0.6582334718377028,batch_3400-3500.arrow,HIGH
0009500,0.7061634960211922,batch_3400-3500.arrow,HIGH
0009501,0.5996418573113752,batch_3400-3500.arrow,LOW
0009502,0.7310517084389033,batch_3400-3500.arrow,HIGH
0009503,0.800201550853072,batch_3400-3500.arrow,HIGH
0009509,0.2772371801579946,batch_3400-3500.arrow,LOW
0009510,0.6350732096764368,batch_3400-3500.arrow,HIGH
0009511,0.5739228477655244,batch_3400-3500.arrow,LOW
0009512,0.7152002926356831,batch_3400-3500.arrow,HIGH
0009513,0.8556247540276368,batch_3400-3500.arrow,HIGH
0009515,0.8025732118939807,batch_3400-3500.arrow,HIGH
0009517,0.6280883087393421,batch_3400-3500.arrow,HIGH
0009518,0.6598102528181932,batch_3400-3500.arrow,HIGH
0009519,0.7558212549606824,batch_3400-3500.arrow,HIGH
0009520,0.8082766065195924,batch_3400-3500.arrow,HIGH
0009521,0.8566135407925771,batch_3400-3500.arrow,HIGH
0009522,0.6778386968165712,batch_3400-3500.arrow,HIGH
0009523,0.34063587527986283,batch_3400-3500.arrow,LOW
0009524,0.8486882464090328,batch_3400-3500.arrow,HIGH
0009525,0.8347516170383885,batch_3400-3500.arrow,HIGH
0009527,0.7606944299138422,batch_3400-3500.arrow,HIGH
0009528,0.7134129902854004,batch_3400-3500.arrow,HIGH
0009529,0.7114501395113182,batch_3400-3500.arrow,HIGH
0009532,0.8326882338662204,batch_3400-3500.arrow,HIGH
0009533,0.7986935186140252,batch_3400-3500.arrow,HIGH
0009534,0.6026331049305321,batch_3400-3500.arrow,HIGH
0009535,0.8257001084890248,batch_3400-3500.arrow,HIGH
0009536,0.687962279717908,batch_3400-3500.arrow,HIGH
0009537,0.5745062979745206,batch_3400-3500.arrow,LOW
0009538,0.8083092206118341,batch_3400-3500.arrow,HIGH
0009539,0.729104283061259,batch_3400-3500.arrow,HIGH
0009540,0.46606982268172775,batch_3400-3500.arrow,LOW
0009541,0.7566042042097094,batch_3400-3500.arrow,HIGH
0009542,0.7735777688291022,batch_3400-3500.arrow,HIGH
0009543,0.5494683344742529,batch_3400-3500.arrow,LOW
0009544,0.6957281663480944,batch_3400-3500.arrow,HIGH
0009545,0.6958120398082078,batch_3400-3500.arrow,HIGH
0009546,0.3536128875682791,batch_3400-3500.arrow,LOW
0009547,0.6619885990682539,batch_3400-3500.arrow,HIGH
0009548,0.7738246531531688,batch_3400-3500.arrow,HIGH
0009549,0.7641007177522335,batch_3400-3500.arrow,HIGH
0009550,0.8251412344868593,batch_3400-3500.arrow,HIGH
0009551,0.7344112137997373,batch_3400-3500.arrow,HIGH
0009552,0.7580382671099741,batch_3400-3500.arrow,HIGH
0009553,0.7201398950067645,batch_3400-3500.arrow,HIGH
0009554,0.6823838493646613,batch_3400-3500.arrow,HIGH
0009555,0.7893192083522246,batch_3400-3500.arrow,HIGH
0009556,0.676005869975291,batch_3400-3500.arrow,HIGH
0009557,0.3724554101451412,batch_3400-3500.arrow,LOW
0009558,0.5075239991183188,batch_3400-3500.arrow,LOW
0009559,0.8062899319734133,batch_3400-3500.arrow,HIGH
0009560,0.699665575339385,batch_3400-3500.arrow,HIGH
0009561,0.594124161349621,batch_3400-3500.arrow,LOW
0009562,0.6667484396846094,batch_3400-3500.arrow,HIGH
0009563,0.832116847782714,batch_3400-3500.arrow,HIGH
0009564,0.8369463108494761,batch_3400-3500.arrow,HIGH
0009565,0.6543635380425891,batch_3400-3500.arrow,HIGH
0009566,0.8179917393867724,batch_3400-3500.arrow,HIGH
0009567,0.8236874608429489,batch_3400-3500.arrow,HIGH
0009568,0.8185687316219177,batch_3400-3500.arrow,HIGH
0009569,0.7761300720089169,batch_3400-3500.arrow,HIGH
0009570,0.8055789554509024,batch_3400-3500.arrow,HIGH
0009572,0.7226363265700971,batch_3400-3500.arrow,HIGH
0009573,0.7762771263545044,batch_3400-3500.arrow,HIGH
0009574,0.7923056323942547,batch_3400-3500.arrow,HIGH
0009575,0.696920077030928,batch_3400-3500.arrow,HIGH
0009577,0.7717951228190616,batch_3400-3500.arrow,HIGH
0009578,0.8309371666448152,batch_3400-3500.arrow,HIGH
0009579,0.2473482928678058,batch_3400-3500.arrow,LOW
0009580,0.7759104826558679,batch_3400-3500.arrow,HIGH
0009584,0.8507053839565689,batch_3400-3500.arrow,HIGH
0009585,0.46258505527328647,batch_3400-3500.arrow,LOW
0009587,0.7983673120896176,batch_3400-3500.arrow,HIGH
0009588,0.8381338836136797,batch_3400-3500.arrow,HIGH
0009589,0.7670203474664783,batch_3400-3500.arrow,HIGH
0009590,0.6835088972154372,batch_3400-3500.arrow,HIGH
0009593,0.8644660616895871,batch_3400-3500.arrow,HIGH
0009594,0.6601545558530798,batch_3400-3500.arrow,HIGH
0009595,0.6533137197278077,batch_3400-3500.arrow,HIGH
0005551,0.5120933168832547,batch_500-600.arrow,LOW
0005554,0.7900833695916654,batch_500-600.arrow,HIGH
0005556,0.6830644679629829,batch_500-600.arrow,HIGH
0005557,0.7269967859479984,batch_500-600.arrow,HIGH
0005558,0.7428828634693277,batch_500-600.arrow,HIGH
0005561,0.8249180293506143,batch_500-600.arrow,HIGH
0005563,0.7400420562026365,batch_500-600.arrow,HIGH
0005565,0.5224913497558182,batch_500-600.arrow,LOW
0005567,0.8070772833250088,batch_500-600.arrow,HIGH
0005568,0.6729779136256241,batch_500-600.arrow,HIGH
0005569,0.49789583138531457,batch_500-600.arrow,LOW
0005570,0.5625431525587123,batch_500-600.arrow,LOW
0005572,0.7433749153697025,batch_500-600.arrow,HIGH
0005573,0.8168193007682736,batch_500-600.arrow,HIGH
0005575,0.8351221043016445,batch_500-600.arrow,HIGH
0005576,0.6728648393404154,batch_500-600.arrow,HIGH
0005581,0.7551334657090604,batch_500-600.arrow,HIGH
0005585,0.7538946700232773,batch_500-600.arrow,HIGH
0005586,0.8546111400793474,batch_500-600.arrow,HIGH
0005587,0.5418048012560249,batch_500-600.arrow,LOW
0005588,0.8317750401305141,batch_500-600.arrow,HIGH
0005589,0.7433088632763228,batch_500-600.arrow,HIGH
0005590,0.7589707743797991,batch_500-600.arrow,HIGH
0005591,0.4929593294904168,batch_500-600.arrow,LOW
0005593,0.7652805530059662,batch_500-600.arrow,HIGH
0005594,0.8225398743398477,batch_500-600.arrow,HIGH
0005595,0.7457976563151748,batch_500-600.arrow,HIGH
0005596,0.25786317466381425,batch_500-600.arrow,LOW
0005599,0.8408033753594188,batch_500-600.arrow,HIGH
0005600,0.836997470655075,batch_500-600.arrow,HIGH
0005601,0.6520370006343722,batch_500-600.arrow,HIGH
0005602,0.4749130500249055,batch_500-600.arrow,LOW
0005603,0.7346619436926746,batch_500-600.arrow,HIGH
0005604,0.8092217947418959,batch_500-600.arrow,HIGH
0005606,0.2119596718293558,batch_500-600.arrow,LOW
0005608,0.8172642744061861,batch_500-600.arrow,HIGH
0005609,0.7938633320897895,batch_500-600.arrow,HIGH
0005610,0.7031730559179165,batch_500-600.arrow,HIGH
0005612,0.7732931915110518,batch_500-600.arrow,HIGH
0005613,0.5202826494250467,batch_500-600.arrow,LOW
0005614,0.8156203819911433,batch_500-600.arrow,HIGH
0005615,0.6983302197160118,batch_500-600.arrow,HIGH
0005616,0.7950484985853068,batch_500-600.arrow,HIGH
0005619,0.7750869175946882,batch_500-600.arrow,HIGH
0005620,0.8061089043442132,batch_500-600.arrow,HIGH
0005621,0.3516167393018237,batch_500-600.arrow,LOW
0005622,0.843385540742394,batch_500-600.arrow,HIGH
0005624,0.4921426989759266,batch_500-600.arrow,LOW
0005625,0.7770901341318384,batch_500-600.arrow,HIGH
0005626,0.7936849237793343,batch_500-600.arrow,HIGH
0005628,0.7713390624501467,batch_500-600.arrow,HIGH
0005629,0.7441739256346308,batch_500-600.arrow,HIGH
0005630,0.48521564691966806,batch_500-600.arrow,LOW
0005631,0.8369121064637337,batch_500-600.arrow,HIGH
0005633,0.5011868542634899,batch_500-600.arrow,LOW
0005636,0.8017777745808501,batch_500-600.arrow,HIGH
0005637,0.8338507867907627,batch_500-600.arrow,HIGH
0005638,0.7563780401747812,batch_500-600.arrow,HIGH
0005639,0.8722745180554162,batch_500-600.arrow,HIGH
0005640,0.8628588902533711,batch_500-600.arrow,HIGH
0005641,0.4382224222397008,batch_500-600.arrow,LOW
0005642,0.6855327683042436,batch_500-600.arrow,HIGH
0005643,0.7471132450949217,batch_500-600.arrow,HIGH
0005644,0.5386892186815831,batch_500-600.arrow,LOW
0005647,0.8861012292398861,batch_500-600.arrow,HIGH
0005648,0.02542497561522136,batch_500-600.arrow,LOW
0005650,0.8107305309002073,batch_500-600.arrow,HIGH
0005651,0.41708303508534067,batch_500-600.arrow,LOW
0005652,0.7367660192742996,batch_500-600.arrow,HIGH
0005656,0.667708560678665,batch_500-600.arrow,HIGH
0005657,0.812930574283942,batch_500-600.arrow,HIGH
0005659,0.38644688520259285,batch_500-600.arrow,LOW
0005660,0.6925684092299212,batch_500-600.arrow,HIGH
0005661,0.5352618790627498,batch_500-600.arrow,LOW
0005662,0.725996615052233,batch_500-600.arrow,HIGH
0005663,0.7633193568488984,batch_500-600.arrow,HIGH
0005664,0.8019333466354351,batch_500-600.arrow,HIGH
0005665,0.7845955362718969,batch_500-600.arrow,HIGH
0005667,0.7906518810156155,batch_500-600.arrow,HIGH
0005668,0.7205919896253205,batch_500-600.arrow,HIGH
0005669,0.8469829968139134,batch_500-600.arrow,HIGH
0005670,0.7662967772368104,batch_500-600.arrow,HIGH
0005671,0.7632081357713503,batch_500-600.arrow,HIGH
0005672,0.47793873265529246,batch_500-600.arrow,LOW
0005673,0.7536078229620541,batch_500-600.arrow,HIGH
0005675,0.7304911485938473,batch_500-600.arrow,HIGH
0005677,0.7428216061166918,batch_500-600.arrow,HIGH
0005678,0.5682941361523951,batch_500-600.arrow,LOW
0005679,0.8080136231622762,batch_500-600.arrow,HIGH
0005680,0.7619564210891703,batch_500-600.arrow,HIGH
0005681,0.8569009480782013,batch_500-600.arrow,HIGH
0005682,0.8022303370361534,batch_500-600.arrow,HIGH
0005685,0.531100024247572,batch_500-600.arrow,LOW
0005687,0.006378313637298794,batch_500-600.arrow,LOW
0005689,0.8124708726703099,batch_500-600.arrow,HIGH
0005690,0.8355985896500977,batch_500-600.arrow,HIGH
0005691,0.7686354428707854,batch_500-600.arrow,HIGH
0005692,0.8121173471185518,batch_500-600.arrow,HIGH
0005693,0.7790540310751547,batch_500-600.arrow,HIGH
0005694,0.8264027647733788,batch_500-600.arrow,HIGH
0005997,0.8370881853561457,batch_800-900.arrow,HIGH
0005998,0.8322930456972667,batch_800-900.arrow,HIGH
0006000,0.6512274560883071,batch_800-900.arrow,HIGH
0006001,0.5733686251610708,batch_800-900.arrow,LOW
0006002,0.5277945801007601,batch_800-900.arrow,LOW
0006003,0.7863955684812033,batch_800-900.arrow,HIGH
0006004,0.6424072772327285,batch_800-900.arrow,HIGH
0006005,0.705569908201433,batch_800-900.arrow,HIGH
0006007,0.2430854981262948,batch_800-900.arrow,LOW
0006008,0.8089559406561521,batch_800-900.arrow,HIGH
0006009,0.39674435882773457,batch_800-900.arrow,LOW
0006010,0.8517551203371069,batch_800-900.arrow,HIGH
0006011,0.6819717761397187,batch_800-900.arrow,HIGH
0006012,0.7679600813201809,batch_800-900.arrow,HIGH
0006014,0.7235344275574116,batch_800-900.arrow,HIGH
0006015,0.594450813602334,batch_800-900.arrow,LOW
0006016,0.5466475033112577,batch_800-900.arrow,LOW
0006017,0.7351362862195533,batch_800-900.arrow,HIGH
0006018,0.8364632085836172,batch_800-900.arrow,HIGH
0006021,0.8042231595414271,batch_800-900.arrow,HIGH
0006022,0.5685738675175883,batch_800-900.arrow,LOW
0006023,0.6377255081222031,batch_800-900.arrow,HIGH
0006024,0.6754629870733719,batch_800-900.arrow,HIGH
0006025,0.5961824422642293,batch_800-900.arrow,LOW
0006026,0.8242850904390121,batch_800-900.arrow,HIGH
0006028,0.4955522019618659,batch_800-900.arrow,LOW
0006030,0.8337559801247515,batch_800-900.arrow,HIGH
0006031,0.7623268025949681,batch_800-900.arrow,HIGH
0006032,0.7858038451616384,batch_800-900.arrow,HIGH
0006033,0.8289943413528649,batch_800-900.arrow,HIGH
0006034,0.4648121400152078,batch_800-900.arrow,LOW
0006035,0.8625042404230182,batch_800-900.arrow,HIGH
0006036,0.5993962215051054,batch_800-900.arrow,LOW
0006037,0.654396672440715,batch_800-900.arrow,HIGH
0006039,0.5560785487015708,batch_800-900.arrow,LOW
0006040,0.716255533481238,batch_800-900.arrow,HIGH
0006041,0.8279396031904359,batch_800-900.arrow,HIGH
0006042,0.1495803580394549,batch_800-900.arrow,LOW
0006043,0.7950049441575574,batch_800-900.arrow,HIGH
0006044,0.7670300079404729,batch_800-900.arrow,HIGH
0006045,0.3380341773961062,batch_800-900.arrow,LOW
0006046,0.41334423894795974,batch_800-900.arrow,LOW
0006049,0.45517216245004394,batch_800-900.arrow,LOW
0006050,0.19414957986727133,batch_800-900.arrow,LOW
0006052,0.8066451879379662,batch_800-900.arrow,HIGH
0006055,0.8365100843629523,batch_800-900.arrow,HIGH
0006057,0.8525159849869773,batch_800-900.arrow,HIGH
0006058,0.4709758915527025,batch_800-900.arrow,LOW
0006060,0.8068722138583274,batch_800-900.arrow,HIGH
0006064,0.8228131415382028,batch_800-900.arrow,HIGH
0006066,0.7533397557122806,batch_800-900.arrow,HIGH
0006067,0.7796738609151982,batch_800-900.arrow,HIGH
0006068,0.6491149412092947,batch_800-900.arrow,HIGH
0006070,0.8438194671495541,batch_800-900.arrow,HIGH
0006071,0.7960106393558624,batch_800-900.arrow,HIGH
0006074,0.7882534537392131,batch_800-900.arrow,HIGH
0006075,0.7374737489475395,batch_800-900.arrow,HIGH
0006076,0.44098686458356817,batch_800-900.arrow,LOW
0006077,0.8421045675638105,batch_800-900.arrow,HIGH
0006078,0.8136424596139274,batch_800-900.arrow,HIGH
0006079,0.8135872728522436,batch_800-900.arrow,HIGH
0006080,0.7332763239728045,batch_800-900.arrow,HIGH
0006081,0.7766424075722024,batch_800-900.arrow,HIGH
0006082,0.8278681417573054,batch_800-900.arrow,HIGH
0006084,0.8115721367539894,batch_800-900.arrow,HIGH
0006085,0.7344865870200389,batch_800-900.arrow,HIGH
0006087,0.7784009835409641,batch_800-900.arrow,HIGH
0006088,0.7106948766295496,batch_800-900.arrow,HIGH
0006089,0.7412855953234727,batch_800-900.arrow,HIGH
0006090,0.8425394674960477,batch_800-900.arrow,HIGH
0006091,0.6145886162277328,batch_800-900.arrow,HIGH
0006093,0.578086047291387,batch_800-900.arrow,LOW
0006095,0.7300320392424435,batch_800-900.arrow,HIGH
0006096,0.7372887424431823,batch_800-900.arrow,HIGH
0006097,0.6362304788827827,batch_800-900.arrow,HIGH
0006098,0.8557961386766383,batch_800-900.arrow,HIGH
0006099,0.676285351197086,batch_800-900.arrow,HIGH
0006103,0.832248282899884,batch_800-900.arrow,HIGH
0006104,0.8457169167887065,batch_800-900.arrow,HIGH
0006105,0.8425089009654071,batch_800-900.arrow,HIGH
0006106,0.7976470980575764,batch_800-900.arrow,HIGH
0006107,0.5818429583399501,batch_800-900.arrow,LOW
0006109,0.8377138882038729,batch_800-900.arrow,HIGH
0006110,0.8604597911178281,batch_800-900.arrow,HIGH
0006111,0.8047567868189199,batch_800-900.arrow,HIGH
0006112,0.6942514032925198,batch_800-900.arrow,HIGH
0006113,0.3495910512293383,batch_800-900.arrow,LOW
0006114,0.6188358939638675,batch_800-900.arrow,HIGH
0006116,0.7446185733011291,batch_800-900.arrow,HIGH
0006117,0.8556232181296153,batch_800-900.arrow,HIGH
0006118,0.6707319583037733,batch_800-900.arrow,HIGH
0006120,0.8417280894285181,batch_800-900.arrow,HIGH
0006121,0.682687943176126,batch_800-900.arrow,HIGH
0006124,0.8522960218685802,batch_800-900.arrow,HIGH
0006125,0.7873639864803299,batch_800-900.arrow,HIGH
0006128,0.8222435429125282,batch_800-900.arrow,HIGH
0006129,0.4792327867650648,batch_800-900.arrow,LOW
